precinct,Year,total_pop,minority_pct,per_capita_income_inflation_adjust,total_pop_lag1,minority_pct_lag1,per_capita_income_lag1
1,2006,83293.37912088027,0.2672295826443456,87482.28266327083,,,
5,2006,93739.91208791279,0.38462652525733887,74453.14260804188,,,
6,2006,70587.42857143283,0.19075672364654395,93954.04732623696,,,
7,2006,88347.67032967068,0.40401640944132566,69879.51676189061,,,
9,2006,112501.01098901196,0.24703345740177163,80506.11818671413,,,
10,2006,87245.087912085,0.2837518454793866,77960.55720303953,,,
13,2006,105676.65934066381,0.2184967105094202,86443.43050131388,,,
14,2006,95667.41208790708,0.2612832439354307,92834.69906415604,,,
17,2006,82876.54945054813,0.18454943377347632,112446.37417261116,,,
18,2006,132179.34615383856,0.34149529025552994,79846.88250784017,,,
19,2006,214779.25824175216,0.3348560106816678,86969.73238585144,,,
20,2006,77265.51098901237,0.5884328794574074,57418.53944469849,,,
22,2006,161169.93406593055,0.554032719422139,63072.54918041639,,,
23,2006,119651.79670329625,0.7358144367006076,30039.419623922557,,,
24,2006,110618.72527472838,0.754661281504724,37789.71661426453,,,
25,2006,105412.55494505563,0.8468591651991062,18679.8709501978,,,
26,2006,88065.08241758184,0.7542836626533358,20041.141396031715,,,
28,2006,112623.2197802185,0.8203452146864834,21329.880538688973,,,
30,2006,56507.4120879143,0.644237820488506,20306.2385510467,,,
32,2006,77001.14835165069,0.6947713181938724,17286.626218744554,,,
33,2006,83084.02197802556,0.28218039155037083,19163.24030170124,,,
34,2006,110498.20879120962,0.18311661029200543,20924.44327776297,,,
40,2006,135553.26373626757,0.9195201844129173,9280.125876270235,,,
41,2006,83216.15384615865,0.8809847975258833,4339.617626262829,,,
42,2006,125444.05494505819,0.9605820843410555,3161.7716525066644,,,
43,2006,140012.94505494437,0.8944110319143022,9337.535685617477,,,
44,2006,138986.96153846383,0.8295593425078778,8681.976123103872,,,
45,2006,89059.45054945094,0.7019307476112857,12627.028465019539,,,
46,2006,124521.0714285695,0.718579933290016,16522.649893469177,,,
47,2006,204948.84615384229,0.6156045614627033,24628.042827010155,,,
48,2006,126292.87362637324,0.8851974379746963,13404.949055438861,,,
49,2006,130578.94505494647,0.7323923679430777,16324.591630764306,,,
50,2006,108672.37912087748,0.7108066643309954,22003.647278794087,,,
52,2006,146305.9945054952,0.5905146177405385,22039.28757589776,,,
60,2006,84034.67032967415,0.45294866627125074,13378.379517102148,,,
61,2006,6487.131701631821,0.7630593373008026,10779.226306382567,,,
62,2006,225118.52197802998,0.5091576423020552,14163.90572111914,,,
63,2006,167364.03296703473,0.7733517130071021,18552.842445357703,,,
66,2006,220404.90109891072,0.3300868422564278,18469.68337892508,,,
67,2006,169164.48901099898,0.9717627762130405,15304.982114358805,,,
68,2006,183953.78571429104,0.5856392972712179,18698.534278597916,,,
69,2006,113596.12637362722,0.8279838359302119,11722.084256949835,,,
70,2006,165555.72527473047,0.43892497662545943,18188.91902086977,,,
71,2006,113526.19780220091,0.9329321182962218,14462.512094161939,,,
72,2006,119828.89560440369,0.46124397453954824,26964.588100881432,,,
73,2006,107041.63736265153,0.7408627289469223,9787.73698943574,,,
75,2006,228020.7197802225,0.41638759611327103,14952.057596820407,,,
76,2006,68690.54945055256,0.4709656672727993,36916.7381263657,,,
77,2006,107997.34615385532,0.7962389289048346,17138.959305398166,,,
78,2006,118406.40109891072,0.5988707068871477,32016.403923968843,,,
79,2006,135044.44505495392,0.7587263126124952,13801.964485399425,,,
81,2006,108472.72527473234,0.6777732616738064,11896.313328040764,,,
83,2006,145287.7087912187,0.5166570494791156,12932.323095556349,,,
84,2006,122722.34615384834,0.5013868465498454,46474.56788769737,,,
88,2006,104332.56043956429,0.5455904604251174,27439.11630155453,,,
90,2006,123431.25824176706,0.25912037342069993,25222.291768391966,,,
94,2006,43821.78571429476,0.15605953296130792,31307.63663376996,,,
100,2006,44904.82417582115,0.5904416194380975,23462.47229129175,,,
101,2006,38614.99450549496,0.5976245405576535,22385.67613795749,,,
102,2006,266096.4175823964,0.47066413976421195,21660.242025751155,,,
103,2006,165053.5989010781,0.7382387043759753,17013.14251388563,,,
104,2006,229464.62087911367,0.45108467680639563,24282.465466350084,,,
105,2006,298188.0604395494,0.5473746419603707,23655.956358208787,,,
106,2006,170175.6483516395,0.6007489378864861,19682.627737435047,,,
107,2006,171497.35714284703,0.5880270935409655,24098.47564616683,,,
108,2006,132417.5604395494,0.5475180785837139,19496.124347960344,,,
109,2006,244910.1648351401,0.6180599067895738,22876.45426061505,,,
110,2006,157064.70879120007,0.6929811797995828,18255.012414130615,,,
111,2006,158496.197802186,0.28996069344424313,23976.010043076938,,,
112,2006,114079.63736262918,0.6390101191189146,26859.568574922345,,,
114,2006,225997.2197802104,0.432515467910093,27364.951075172983,,,
115,2006,137803.17582416534,0.6669532198745145,17513.414961259812,,,
120,2006,159878.571428556,0.20831971968952878,27244.946378766443,,,
121,2006,156865.83516482264,0.20638015211371652,28641.093450989923,,,
122,2006,162351.68131866306,0.09459854706440574,20875.89786154218,,,
123,2006,70728.48351647891,0.11596996390346348,27311.341740367003,,,
1,2007,84849.59340659436,0.2734575901708869,83091.96554177254,83293.37912088027,0.2672295826443456,87482.28266327083
5,2007,94276.72527472593,0.376204676246612,71197.35760387965,93739.91208791279,0.38462652525733887,74453.14260804188
6,2007,72946.40659341123,0.210173076555634,89394.4173053205,70587.42857143283,0.19075672364654395,93954.04732623696
7,2007,88241.83516483547,0.3842974748237822,67202.05605112948,88347.67032967068,0.40401640944132566,69879.51676189061
9,2007,113320.35164835257,0.2529242642820062,76640.7563779559,112501.01098901196,0.24703345740177163,80506.11818671413
10,2007,85716.42857142584,0.29449262061676507,75136.70210179687,87245.087912085,0.2837518454793866,77960.55720303953
13,2007,107823.25274725724,0.23565113044253394,82210.07185165584,105676.65934066381,0.2184967105094202,86443.43050131388
14,2007,94179.41758241318,0.2800965140274343,88384.25313665718,95667.41208790708,0.2612832439354307,92834.69906415604
17,2007,82091.89010988898,0.2076568895226103,106462.63325489126,82876.54945054813,0.18454943377347632,112446.37417261116
18,2007,128971.99999999348,0.35194560514943873,76955.91853176989,132179.34615383856,0.34149529025552994,79846.88250784017
19,2007,211427.8021977963,0.3363403741612605,83832.56772216782,214779.25824175216,0.3348560106816678,86969.73238585144
20,2007,77504.89010989136,0.566344688406339,56439.7250941603,77265.51098901237,0.5884328794574074,57418.53944469849
22,2007,158567.1208791174,0.536629929923393,61750.10701305512,161169.93406593055,0.554032719422139,63072.54918041639
23,2007,119037.49450549413,0.7011157352661144,31857.61630909005,119651.79670329625,0.7358144367006076,30039.419623922557
24,2007,111412.59340659622,0.719374457257075,38976.93727479968,110618.72527472838,0.754661281504724,37789.71661426453
25,2007,106460.83516483591,0.8005347831244762,21883.525516463444,105412.55494505563,0.8468591651991062,18679.8709501978
26,2007,87991.40659340608,0.7197256166129762,22400.16702938173,88065.08241758184,0.7542836626533358,20041.141396031715
28,2007,112753.57142857031,0.7778850700672706,23821.9611875955,112623.2197802185,0.8203452146864834,21329.880538688973
30,2007,57138.57142857346,0.620412534643215,22495.491671905853,56507.4120879143,0.644237820488506,20306.2385510467
32,2007,78732.20879121078,0.6625686582941341,20220.913501962088,77001.14835165069,0.6947713181938724,17286.626218744554
33,2007,84109.54945055279,0.28217603438613625,21061.19597131107,83084.02197802556,0.28218039155037083,19163.24030170124
34,2007,109692.29670329741,0.19012857372388403,21791.756882513175,110498.20879120962,0.18311661029200543,20924.44327776297
40,2007,138907.90109890513,0.865820165323413,11952.019357005134,135553.26373626757,0.9195201844129173,9280.125876270235
41,2007,86748.53846154362,0.8233194167238054,7888.898532721214,83216.15384615865,0.8809847975258833,4339.617626262829
42,2007,129503.45054945443,0.9024713387237142,7355.375535327941,125444.05494505819,0.9605820843410555,3161.7716525066644
43,2007,139574.31868131796,0.8381222347777566,11903.223030800931,140012.94505494437,0.8944110319143022,9337.535685617477
44,2007,140864.84615384834,0.7822501010505789,11813.227462874725,138986.96153846383,0.8295593425078778,8681.976123103872
45,2007,89815.34065934108,0.6668266338057975,15541.067241774872,89059.45054945094,0.7019307476112857,12627.028465019539
46,2007,123577.20879120706,0.6757310183287473,19109.25741281919,124521.0714285695,0.718579933290016,16522.649893469177
47,2007,203470.30769230425,0.5855942101970157,27994.80153184384,204948.84615384229,0.6156045614627033,24628.042827010155
48,2007,127697.49450549437,0.8316752085127632,17510.04820892494,126292.87362637324,0.8851974379746963,13404.949055438861
49,2007,132206.70329670468,0.6958205319935331,18699.010594209656,130578.94505494647,0.7323923679430777,16324.591630764306
50,2007,107600.59340659203,0.6816268436482176,24150.883825302124,108672.37912087748,0.7108066643309954,22003.647278794087
52,2007,146308.5164835171,0.5655513909287677,24856.52684855368,146305.9945054952,0.5905146177405385,22039.28757589776
60,2007,86887.98901099246,0.4515424730443147,15168.66610729089,84034.67032967415,0.45294866627125074,13378.379517102148
61,2007,6195.082750582835,0.7253740663909554,13123.579277241603,6487.131701631821,0.7630593373008026,10779.226306382567
62,2007,232404.85714286566,0.5048033716373812,15470.603203069884,225118.52197802998,0.5091576423020552,14163.90572111914
63,2007,171348.28571428824,0.7360919082169772,19722.66908843955,167364.03296703473,0.7733517130071021,18552.842445357703
66,2007,225879.681318691,0.3416392338080989,19436.432905932656,220404.90109891072,0.3300868422564278,18469.68337892508
67,2007,176379.49450550415,0.9141635425192476,17267.841304595117,169164.48901099898,0.9717627762130405,15304.982114358805
68,2007,189479.75824176334,0.5723872706188828,19714.828001705697,183953.78571429104,0.5856392972712179,18698.534278597916
69,2007,115463.04395604506,0.7856514996147439,14110.900217040442,113596.12637362722,0.8279838359302119,11722.084256949835
70,2007,170242.43956044503,0.4389940355925146,19181.65333893383,165555.72527473047,0.43892497662545943,18188.91902086977
71,2007,115883.63736264035,0.881598775126605,16309.4493175135,113526.19780220091,0.9329321182962218,14462.512094161939
72,2007,125717.1978022065,0.4578816585833074,27376.417540491442,119828.89560440369,0.46124397453954824,26964.588100881432
73,2007,117363.78021979332,0.7117420347044643,12279.013679489493,107041.63736265153,0.7408627289469223,9787.73698943574
75,2007,230589.87912088167,0.40931064166920983,17008.148924065288,228020.7197802225,0.41638759611327103,14952.057596820407
76,2007,70780.04395604739,0.4687650519220439,36299.811272900784,68690.54945055256,0.4709656672727993,36916.7381263657
77,2007,116324.61538462527,0.7651316734082485,18598.77442054404,107997.34615385532,0.7962389289048346,17138.959305398166
78,2007,126323.21978022903,0.5875389602576,31854.086128671013,118406.40109891072,0.5988707068871477,32016.403923968843
79,2007,139957.01098901965,0.735623858548557,15193.917276256718,135044.44505495392,0.7587263126124952,13801.964485399425
81,2007,114671.67032967694,0.6665706426935998,13487.701501061674,108472.72527473234,0.6777732616738064,11896.313328040764
83,2007,151612.14285715297,0.5178396494662063,14391.039393653162,145287.7087912187,0.5166570494791156,12932.323095556349
84,2007,124419.23076923331,0.4876071710080545,45360.228162213694,122722.34615384834,0.5013868465498454,46474.56788769737
88,2007,109703.24175824597,0.5367021574078983,27508.156927602642,104332.56043956429,0.5455904604251174,27439.11630155453
90,2007,130731.03296704218,0.28060731332985256,25693.00053552445,123431.25824176706,0.25912037342069993,25222.291768391966
94,2007,48987.91208792105,0.18228304744906865,31189.49215446011,43821.78571429476,0.15605953296130792,31307.63663376996
100,2007,42932.45054944791,0.5948092008297134,23634.356003948138,44904.82417582115,0.5904416194380975,23462.47229129175
101,2007,38660.670329670735,0.575631009827184,23356.889987099683,38614.99450549496,0.5976245405576535,22385.67613795749
102,2007,252823.90109888092,0.46619107861346265,22782.47472139029,266096.4175823964,0.47066413976421195,21660.242025751155
103,2007,155778.08791206777,0.7341948085216128,18118.953301620204,165053.5989010781,0.7382387043759753,17013.14251388563
104,2007,220355.40659339726,0.47005527449015716,24673.42704105936,229464.62087911367,0.45108467680639563,24282.465466350084
105,2007,288951.78021977097,0.5374399608649156,24642.931861873716,298188.0604395494,0.5473746419603707,23655.956358208787
106,2007,161368.97802196816,0.5885330408692049,20815.18374999147,170175.6483516395,0.6007489378864861,19682.627737435047
107,2007,162489.0439560339,0.600710446660166,24364.282618886675,171497.35714284703,0.5880270935409655,24098.47564616683
108,2007,125121.9340659231,0.5556444726539205,20464.38765725447,132417.5604395494,0.5475180785837139,19496.124347960344
109,2007,230967.2747252509,0.6261270693123766,23200.08981283696,244910.1648351401,0.6180599067895738,22876.45426061505
110,2007,148440.83516482636,0.7010806567943373,19134.35353835672,157064.70879120007,0.6929811797995828,18255.012414130615
111,2007,151783.32967031747,0.3158943428968115,24575.72819973575,158496.197802186,0.28996069344424313,23976.010043076938
112,2007,107608.85714285076,0.6528091221717602,26872.31295333247,114079.63736262918,0.6390101191189146,26859.568574922345
114,2007,215579.10989009961,0.4331863357348683,28140.22164997994,225997.2197802104,0.432515467910093,27364.951075172983
115,2007,129817.54945053905,0.6579494813599815,18516.062608331675,137803.17582416534,0.6669532198745145,17513.414961259812
120,2007,150740.9780219607,0.20064911910479566,27576.468801454175,159878.571428556,0.20831971968952878,27244.946378766443
121,2007,146928.64835163578,0.21150191212380598,28802.78406801098,156865.83516482264,0.20638015211371652,28641.093450989923
122,2007,152590.57142855227,0.1000607203375079,22176.472435509786,162351.68131866306,0.09459854706440574,20875.89786154218
123,2007,66248.39560439065,0.12358898656562367,27772.05508685985,70728.48351647891,0.11596996390346348,27311.341740367003
1,2008,86405.80769230891,0.2796855976974264,78701.64842027426,84849.59340659436,0.2734575901708869,83091.96554177254
5,2008,94813.53846153908,0.3677828272358852,67941.57259971835,94276.72527472593,0.376204676246612,71197.35760387965
6,2008,75305.3846153887,0.22958942946471694,84834.7872844059,72946.40659341123,0.210173076555634,89394.4173053205
7,2008,88136.00000000026,0.3645785402062387,64524.59534036834,88241.83516483547,0.3842974748237822,67202.05605112948
9,2008,114139.69230769319,0.25881507116224256,72775.39456919767,113320.35164835257,0.2529242642820062,76640.7563779559
10,2008,84187.76923076669,0.30523339575414354,72312.84700055327,85716.42857142584,0.29449262061676507,75136.70210179687
13,2008,109969.84615384974,0.2528055503756548,77976.7132019978,107823.25274725724,0.23565113044253394,82210.07185165584
14,2008,92691.42307691881,0.2989097841194308,83933.80720915832,94179.41758241318,0.2800965140274343,88384.25313665718
17,2008,81307.23076922959,0.23076434527174428,100478.89233717322,82091.89010988898,0.2076568895226103,106462.63325489126
18,2008,125764.65384614747,0.362395920043344,74064.95455570053,128971.99999999348,0.35194560514943873,76955.91853176989
19,2008,208076.34615384042,0.33782473764085275,80695.4030584842,211427.8021977963,0.3363403741612605,83832.56772216782
20,2008,77744.26923077035,0.5442564973552706,55460.91074362188,77504.89010989136,0.566344688406339,56439.7250941603
22,2008,155964.30769230425,0.5192271404246398,60427.66484569339,158567.1208791174,0.536629929923393,61750.10701305512
23,2008,118423.19230769202,0.6664170338316069,33675.81299425755,119037.49450549413,0.7011157352661144,31857.61630909005
24,2008,112206.46153846406,0.6840876330094119,40164.15793533437,111412.59340659622,0.719374457257075,38976.93727479968
25,2008,107509.11538461619,0.7542104010498463,25087.180082729086,106460.83516483591,0.8005347831244762,21883.525516463444
26,2008,87917.73076923031,0.6851675705726166,24759.192662732676,87991.40659340608,0.7197256166129762,22400.16702938173
28,2008,112883.9230769221,0.7354249254480578,26314.04183650203,112753.57142857031,0.7778850700672706,23821.9611875955
30,2008,57769.730769232614,0.596587248797924,24684.744792765006,57138.57142857346,0.620412534643215,22495.491671905853
32,2008,80463.26923077134,0.6303659983943817,23155.200785179622,78732.20879121078,0.6625686582941341,20220.913501962088
33,2008,85135.07692308002,0.2821716772219017,22959.1516409209,84109.54945055279,0.28217603438613625,21061.19597131107
34,2008,108886.38461538497,0.1971405371557644,22659.070487263612,109692.29670329741,0.19012857372388403,21791.756882513175
40,2008,142262.5384615427,0.8121201462339087,14623.912837740034,138907.90109890513,0.865820165323413,11952.019357005134
41,2008,90280.92307692766,0.7656540359217274,11438.179439178668,86748.53846154362,0.8233194167238054,7888.898532721214
42,2008,133562.84615384974,0.8443605931063871,11548.979418149218,129503.45054945443,0.9024713387237142,7355.375535327941
43,2008,139135.69230769167,0.7818334376412253,14468.910375983454,139574.31868131796,0.8381222347777566,11903.223030800931
44,2008,142742.73076923285,0.73494085959328,14944.478802644648,140864.84615384834,0.7822501010505789,11813.227462874725
45,2008,90571.23076923122,0.6317225200002952,18455.106018531136,89815.34065934108,0.6668266338057975,15541.067241774872
46,2008,122633.34615384438,0.6328821033674643,21695.864932168275,123577.20879120706,0.6757310183287473,19109.25741281919
47,2008,201991.76923076622,0.5555838589313282,31361.560236676596,203470.30769230425,0.5855942101970157,27994.80153184384
48,2008,129102.11538461503,0.7781529790508301,21615.147362411022,127697.49450549437,0.8316752085127632,17510.04820892494
49,2008,133834.4615384629,0.6592486960439885,21073.429557655007,132206.70329670468,0.6958205319935331,18699.010594209656
50,2008,106528.80769230612,0.6524470229654398,26298.12037181016,107600.59340659203,0.6816268436482176,24150.883825302124
52,2008,146311.038461539,0.540588164116997,27673.76612121053,146308.5164835171,0.5655513909287677,24856.52684855368
60,2008,89741.30769231077,0.45013627981737825,16958.952697479166,86887.98901099246,0.4515424730443147,15168.66610729089
61,2008,5903.033799533849,0.6876887954811082,15467.932248100638,6195.082750582835,0.7253740663909554,13123.579277241603
62,2008,239691.19230770133,0.500449100972709,16777.30068502063,232404.85714286566,0.5048033716373812,15470.603203069884
63,2008,175332.53846154083,0.6988321034268523,20892.495731521398,171348.28571428824,0.7360919082169772,19722.66908843955
66,2008,231354.46153846942,0.35319162535977355,20403.18243294023,225879.681318691,0.3416392338080989,19436.432905932656
67,2008,183594.5000000093,0.8565643088254546,19230.700494831428,176379.49450550415,0.9141635425192476,17267.841304595117
68,2008,195005.73076923564,0.5591352439665478,20731.12172481371,189479.75824176334,0.5723872706188828,19714.828001705697
69,2008,117329.96153846243,0.7433191632992759,16499.71617713198,115463.04395604506,0.7856514996147439,14110.900217040442
70,2008,174929.15384615771,0.4390630945595697,20174.38765699789,170242.43956044503,0.4389940355925146,19181.65333893383
71,2008,118241.07692307979,0.8302654319570024,18156.38654086506,115883.63736264035,0.881598775126605,16309.4493175135
72,2008,131605.50000000745,0.4545193426270666,27788.24698010157,125717.1978022065,0.4578816585833074,27376.417540491442
73,2008,127685.92307693511,0.6826213404619992,14770.290369542316,117363.78021979332,0.7117420347044643,12279.013679489493
75,2008,233159.03846154083,0.40223368722514863,19064.24025131017,230589.87912088167,0.40931064166920983,17008.148924065288
76,2008,72869.53846154176,0.46656443657128843,35682.8844194361,70780.04395604739,0.4687650519220439,36299.811272900784
77,2008,124651.88461539336,0.7340244179116624,20058.58953569038,116324.61538462527,0.7651316734082485,18598.77442054404
78,2008,134240.03846154734,0.5762072136280523,31691.768333373184,126323.21978022903,0.5875389602576,31854.086128671013
79,2008,144869.57692308538,0.7125214044846118,16585.87006711401,139957.01098901965,0.735623858548557,15193.917276256718
81,2008,120870.61538462155,0.6553680237133932,15079.08967408305,114671.67032967694,0.6665706426935998,13487.701501061674
83,2008,157936.57692308538,0.519022249453297,15849.755691749975,151612.14285715297,0.5178396494662063,14391.039393653162
84,2008,126116.11538461782,0.47382749546626357,44245.888436729554,124419.23076923331,0.4876071710080545,45360.228162213694
88,2008,115073.9230769258,0.5278138543906756,27577.197553650753,109703.24175824597,0.5367021574078983,27508.156927602642
90,2008,138030.80769231543,0.3020942532389981,26163.709302656935,130731.03296704218,0.28060731332985256,25693.00053552445
94,2008,54154.038461547345,0.20850656193682937,31071.34767515026,48987.91208792105,0.18228304744906865,31189.49215446011
100,2008,40960.0769230742,0.5991767822213312,23806.239716604585,42932.45054944791,0.5948092008297134,23634.356003948138
101,2008,38706.34615384651,0.5536374790967074,24328.10383624211,38660.670329670735,0.575631009827184,23356.889987099683
102,2008,239551.38461536542,0.46171801746271157,23904.70741702942,252823.90109888092,0.46619107861346265,22782.47472139029
103,2008,146502.57692305744,0.7301509126672503,19224.764089355245,155778.08791206777,0.7341948085216128,18118.953301620204
104,2008,211246.19230768457,0.4890258721739258,25064.38861576852,220355.40659339726,0.47005527449015716,24673.42704105936
105,2008,279715.49999999255,0.527505279769457,25629.90736553888,288951.78021977097,0.5374399608649156,24642.931861873716
106,2008,152562.3076922968,0.5763171438519201,21947.73976254789,161368.97802196816,0.5885330408692049,20815.18374999147
107,2008,153480.73076922074,0.613393799779363,24630.08959160652,162489.0439560339,0.600710446660166,24364.282618886675
108,2008,117826.3076922968,0.5637708667241306,21432.65096654836,125121.9340659231,0.5556444726539205,20464.38765725447
109,2008,217024.3846153617,0.6341942318351794,23523.72536505887,230967.2747252509,0.6261270693123766,23200.08981283696
110,2008,139816.96153845638,0.7091801337890917,20013.694662582828,148440.83516482636,0.7010806567943373,19134.35353835672
111,2008,145070.4615384508,0.3418279923493728,25175.446356394328,151783.32967031747,0.3158943428968115,24575.72819973575
112,2008,101138.07692307048,0.6666081252246059,26885.057331742602,107608.85714285076,0.6528091221717602,26872.31295333247
114,2008,205160.99999998882,0.43385720355964363,28915.49222478713,215579.10989009961,0.4331863357348683,28140.22164997994
115,2008,121831.92307691276,0.6489457428454486,19518.71025540377,129817.54945053905,0.6579494813599815,18516.062608331675
120,2008,141603.38461536914,0.19297851852006254,27907.991224141908,150740.9780219607,0.20064911910479566,27576.468801454175
121,2008,136991.46153844893,0.21662367213389366,28964.474685032037,146928.64835163578,0.21150191212380598,28802.78406801098
122,2008,142829.4615384452,0.10552289361061007,23477.047009477858,152590.57142855227,0.1000607203375079,22176.472435509786
123,2008,61768.30769230239,0.13120800922778386,28232.7684333527,66248.39560439065,0.12358898656562367,27772.05508685985
1,2009,87962.021978023,0.2859136052239659,74311.33129877783,86405.80769230891,0.2796855976974264,78701.64842027426
5,2009,95350.35164835223,0.3593609782251619,64685.78759555612,94813.53846153908,0.3677828272358852,67941.57259971835
6,2009,77664.3626373671,0.249005782373807,80275.15726348944,75305.3846153887,0.22958942946471694,84834.7872844059
7,2009,88030.16483516502,0.3448596055886881,61847.1346296072,88136.00000000026,0.3645785402062387,64524.59534036834
9,2009,114959.0329670338,0.26470587804247714,68910.03276044037,114139.69230769319,0.25881507116224256,72775.39456919767
10,2009,82659.10989010753,0.3159741708915256,69488.99189930968,84187.76923076669,0.30523339575414354,72312.84700055327
13,2009,112116.43956044316,0.2699599703087685,73743.35455233976,109969.84615384974,0.2528055503756548,77976.7132019978
14,2009,91203.42857142491,0.31772305421143443,79483.36128165945,92691.42307691881,0.2989097841194308,83933.80720915832
17,2009,80522.57142857043,0.25387180102088536,94495.15141945332,81307.23076922959,0.23076434527174428,100478.89233717322
18,2009,122557.30769230239,0.3728462349372528,71173.99057963025,125764.65384614747,0.362395920043344,74064.95455570053
19,2009,204724.89010988455,0.33930910112044543,77558.23839480057,208076.34615384042,0.33782473764085275,80695.4030584842
20,2009,77983.64835164935,0.5221683063042022,54482.09639308369,77744.26923077035,0.5442564973552706,55460.91074362188
22,2009,153361.4945054911,0.5018243509258937,59105.222678332124,155964.30769230425,0.5192271404246398,60427.66484569339
23,2009,117808.89010988967,0.6317183323970994,35494.00967942551,118423.19230769202,0.6664170338316069,33675.81299425755
24,2009,113000.3296703319,0.6488008087617629,41351.37859586952,112206.46153846406,0.6840876330094119,40164.15793533437
25,2009,108557.39560439647,0.7078860189752163,28290.83464899473,107509.11538461619,0.7542104010498463,25087.180082729086
26,2009,87844.05494505452,0.650609524532257,27118.21829608362,87917.73076923031,0.6851675705726166,24759.192662732676
28,2009,113014.27472527392,0.6929647808288308,28806.12248540856,112883.9230769221,0.7354249254480578,26314.04183650203
30,2009,58400.89010989177,0.572761962952633,26873.99791362323,57769.730769232614,0.596587248797924,24684.744792765006
32,2009,82194.32967033144,0.5981633384946434,26089.488068397157,80463.26923077134,0.6303659983943817,23155.200785179622
33,2009,86160.60439560702,0.2821673200576671,24857.10731053073,85135.07692308002,0.2821716772219017,22959.1516409209
34,2009,108080.47252747277,0.204152500587643,23526.384092013817,108886.38461538497,0.1971405371557644,22659.070487263612
40,2009,145617.1758241793,0.7584201271444186,17295.806318474002,142262.5384615427,0.8121201462339087,14623.912837740034
41,2009,93813.30769231264,0.7079886551196495,14987.460345637053,90280.92307692766,0.7656540359217274,11438.179439178668
42,2009,137622.24175824504,0.78624984748906,15742.583300972357,133562.84615384974,0.8443605931063871,11548.979418149218
43,2009,138697.06593406526,0.7255446405046939,17034.597721165977,139135.69230769167,0.7818334376412253,14468.910375983454
44,2009,144620.61538461735,0.6876316181359812,18075.7301424155,142742.73076923285,0.73494085959328,14944.478802644648
45,2009,91327.12087912136,0.5966184061947928,21369.1447952874,90571.23076923122,0.6317225200002952,18455.106018531136
46,2009,121689.48351648194,0.5900331884061814,24282.47245151829,122633.34615384438,0.6328821033674643,21695.864932168275
47,2009,200513.23076922772,0.5255735076656336,34728.31894150935,201991.76923076622,0.5555838589313282,31361.560236676596
48,2009,130506.73626373615,0.7246307495888828,25720.24651589617,129102.11538461503,0.7781529790508301,21615.147362411022
49,2009,135462.21978022112,0.6226768600944439,23447.848521100357,133834.4615384629,0.6592486960439885,21073.429557655007
50,2009,105457.02197802067,0.623267202282662,28445.356918318197,106528.80769230612,0.6524470229654398,26298.12037181016
52,2009,146313.5604395609,0.5156249373052262,30491.00539386645,146311.038461539,0.540588164116997,27673.76612121053
60,2009,92594.62637362909,0.4487300865904422,18749.239287667908,89741.30769231077,0.45013627981737825,16958.952697479166
61,2009,5610.984848484863,0.6500035245712468,17812.285218959674,5903.033799533849,0.6876887954811082,15467.932248100638
62,2009,246977.52747253515,0.49609483030803503,18083.998166971374,239691.19230770133,0.500449100972709,16777.30068502063
63,2009,179316.7912087934,0.6615722986367274,22062.322374603245,175332.53846154083,0.6988321034268523,20892.495731521398
66,2009,236829.2417582497,0.3647440169114482,21369.931959948037,231354.46153846942,0.35319162535977355,20403.18243294023
67,2009,190809.50549451448,0.7989650751316617,21193.55968506774,183594.5000000093,0.8565643088254546,19230.700494831428
68,2009,200531.70329670794,0.5458832173142127,21747.415447921492,195005.73076923564,0.5591352439665478,20731.12172481371
69,2009,119196.87912088027,0.7009868269838222,18888.532137222588,117329.96153846243,0.7433191632992759,16499.71617713198
70,2009,179615.86813187227,0.43913215352662494,21167.12197506195,174929.15384615771,0.4390630945595697,20174.38765699789
71,2009,120598.51648351923,0.7789320887873998,20003.32376421662,118241.07692307979,0.8302654319570024,18156.38654086506
72,2009,137493.80219781026,0.4511570266708249,28200.076419711695,131605.50000000745,0.4545193426270666,27788.24698010157
73,2009,138008.06593408063,0.6535006462195341,17261.567059595138,127685.92307693511,0.6826213404619992,14770.290369542316
75,2009,235728.1978022009,0.3951567327810874,21120.331578555517,233159.03846154083,0.40223368722514863,19064.24025131017
76,2009,74959.03296703566,0.464363821220533,35065.95756597142,72869.53846154176,0.46656443657128843,35682.8844194361
77,2009,132979.15384616144,0.7029171624150763,21518.40465083625,124651.88461539336,0.7340244179116624,20058.58953569038
78,2009,142156.85714286566,0.5648754669985045,31529.450538075354,134240.03846154734,0.5762072136280523,31691.768333373184
79,2009,149782.1428571511,0.6894189504206736,17977.822857971303,144869.57692308538,0.7125214044846118,16585.87006711401
81,2009,127069.56043956615,0.6441654047331866,16670.47784710396,120870.61538462155,0.6553680237133932,15079.08967408305
83,2009,164261.01098901965,0.5202048494403877,17308.471989846323,157936.57692308538,0.519022249453297,15849.755691749975
84,2009,127813.00000000233,0.4600478199244691,43131.54871124588,126116.11538461782,0.47382749546626357,44245.888436729554
88,2009,120444.60439560749,0.518925551373453,27646.238179698834,115073.9230769258,0.5278138543906756,27577.197553650753
90,2009,145330.58241759054,0.3235811931481507,26634.41806978942,138030.80769231543,0.3020942532389981,26163.709302656935
94,2009,59320.16483517364,0.234730076424583,30953.20319584041,54154.038461547345,0.20850656193682937,31071.34767515026
100,2009,38987.70329670096,0.6035443636129489,23978.123429260973,40960.0769230742,0.5991767822213312,23806.239716604585
101,2009,38752.02197802229,0.5316439483662379,25299.317685384303,38706.34615384651,0.5536374790967074,24328.10383624211
102,2009,226278.86813184991,0.4572449563119605,25026.940112668555,239551.38461536542,0.46171801746271157,23904.70741702942
103,2009,137227.0659340471,0.7261070168128878,20330.574877090286,146502.57692305744,0.7301509126672503,19224.764089355245
104,2009,202136.97802197188,0.5079964698576873,25455.350190477795,211246.19230768457,0.4890258721739258,25064.38861576852
105,2009,270479.2197802104,0.5175705986739985,26616.88286920404,279715.49999999255,0.527505279769457,25629.90736553888
106,2009,143755.63736262918,0.5641012468346389,23080.295775104314,152562.3076922968,0.5763171438519201,21947.73976254789
107,2009,144472.4175824076,0.62607715289856,24895.896564326365,153480.73076922074,0.613393799779363,24630.08959160652
108,2009,110530.68131867051,0.5718972607943407,22400.914275842486,117826.3076922968,0.5637708667241306,21432.65096654836
109,2009,203081.49450547248,0.6422613943579822,23847.360917280777,217024.3846153617,0.6341942318351794,23523.72536505887
110,2009,131193.08791208267,0.7172796107838426,20893.0357868087,139816.96153845638,0.7091801337890917,20013.694662582828
111,2009,138357.59340658225,0.36776164180193405,25775.164513052907,145070.4615384508,0.3418279923493728,25175.446356394328
112,2009,94667.2967032902,0.6804071282774551,26897.80171015273,101138.07692307048,0.6666081252246059,26885.057331742602
114,2009,194742.89010987803,0.43452807138441896,29690.762799594086,205160.99999998882,0.43385720355964363,28915.49222478713
115,2009,113846.29670328647,0.6399420043309156,20521.357902475633,121831.92307691276,0.6489457428454486,19518.71025540377
120,2009,132465.79120877758,0.18530791793532764,28239.51364682964,141603.38461536914,0.19297851852006254,27907.991224141908
121,2009,127054.2747252658,0.22174543214398312,29126.165302053094,136991.46153844893,0.21662367213389366,28964.474685032037
122,2009,133068.3516483344,0.11098506688371046,24777.621583445463,142829.4615384452,0.10552289361061007,23477.047009477858
123,2009,57288.21978021599,0.13882703188994405,28693.481779845548,61768.30769230239,0.13120800922778386,28232.7684333527
1,2010,89518.23626373755,0.29214161275050543,69921.01417727955,87962.021978023,0.2859136052239659,74311.33129877783
5,2010,95887.16483516537,0.35093912921443504,61430.00259139389,95350.35164835223,0.3593609782251619,64685.78759555612
6,2010,80023.34065934457,0.26842213528289705,75715.52724257298,77664.3626373671,0.249005782373807,80275.15726348944
7,2010,87924.32967032981,0.32514067097114463,59169.67391884606,88030.16483516502,0.3448596055886881,61847.1346296072
9,2010,115778.3736263744,0.2705966849227135,65044.67095168214,114959.0329670338,0.26470587804247714,68910.03276044037
10,2010,81130.45054944837,0.32671494602890405,66665.13679806609,82659.10989010753,0.3159741708915256,69488.99189930968
13,2010,114263.03296703659,0.28711439024188223,69509.99590268172,112116.43956044316,0.2699599703087685,73743.35455233976
14,2010,89715.43406593101,0.33653632430343094,75032.91535416059,91203.42857142491,0.31772305421143443,79483.36128165945
17,2010,79737.91208791104,0.27697925677001933,88511.41050173528,80522.57142857043,0.25387180102088536,94495.15141945332
18,2010,119349.96153845638,0.38329654983116157,68283.02660355996,122557.30769230239,0.3728462349372528,71173.99057963025
19,2010,201373.43406592868,0.3407934646000381,74421.07373111602,204724.89010988455,0.33930910112044543,77558.23839480057
20,2010,78223.02747252834,0.5000801152531338,53503.28204254527,77983.64835164935,0.5221683063042022,54482.09639308369
22,2010,150758.6813186789,0.48442156142714055,57782.78051097039,153361.4945054911,0.5018243509258937,59105.222678332124
23,2010,117194.58791208756,0.5970196309626061,37312.206364593,117808.89010988967,0.6317183323970994,35494.00967942551
24,2010,113794.19780219998,0.6135139845140998,42538.599256404676,113000.3296703319,0.6488008087617629,41351.37859586952
25,2010,109605.67582417675,0.6615616369005863,31494.48921526037,108557.39560439647,0.7078860189752163,28290.83464899473
26,2010,87770.37912087876,0.6160514784918831,29477.243929433636,87844.05494505452,0.650609524532257,27118.21829608362
28,2010,113144.62637362571,0.6505046362096181,31298.20313431509,113014.27472527392,0.6929647808288308,28806.12248540856
30,2010,59032.04945055093,0.5489366771073421,29063.251034482382,58400.89010989177,0.572761962952633,26873.99791362323
32,2010,83925.390109892,0.5659606785949052,29023.775351615623,82194.32967033144,0.5981633384946434,26089.488068397157
33,2010,87186.13186813425,0.28216296289343246,26755.06298014056,86160.60439560702,0.2821673200576671,24857.10731053073
34,2010,107274.56043956056,0.21116446401952338,24393.697696764022,108080.47252747277,0.204152500587643,23526.384092013817
40,2010,148971.81318681687,0.7047201080549144,19967.699799208902,145617.1758241793,0.7584201271444186,17295.806318474002
41,2010,97345.69230769668,0.6503232743175715,18536.741252094507,93813.30769231264,0.7079886551196495,14987.460345637053
42,2010,141681.63736264128,0.7281391018717187,19936.187183793634,137622.24175824504,0.78624984748906,15742.583300972357
43,2010,138258.43956043897,0.6692558433681626,19600.2850663485,138697.06593406526,0.7255446405046939,17034.597721165977
44,2010,146498.50000000186,0.6403223766786823,21206.981482185423,144620.61538461735,0.6876316181359812,18075.7301424155
45,2010,92083.0109890115,0.5615142923893046,24283.183572042733,91327.12087912136,0.5966184061947928,21369.1447952874
46,2010,120745.6208791195,0.5471842734448984,26869.079970868304,121689.48351648194,0.5900331884061814,24282.47245151829
47,2010,199034.6923076897,0.4955631563999461,38095.07764634304,200513.23076922772,0.5255735076656336,34728.31894150935
48,2010,131911.35714285728,0.6711085201269498,29825.34566938225,130506.73626373615,0.7246307495888828,25720.24651589617
49,2010,137089.9780219798,0.5861050241448993,25822.267484545708,135462.21978022112,0.6226768600944439,23447.848521100357
50,2010,104385.23626373475,0.5940873815998771,30592.593464825302,105457.02197802067,0.623267202282662,28445.356918318197
52,2010,146316.0824175828,0.4906617104934625,33308.24466652237,146313.5604395609,0.5156249373052262,30491.00539386645
60,2010,95447.9450549474,0.4473238933635062,20539.52587785665,92594.62637362909,0.4487300865904422,18749.239287667908
61,2010,5318.935897435993,0.6123182536613996,20156.63818981871,5610.984848484863,0.6500035245712468,17812.285218959674
62,2010,254263.86263737082,0.49174055964336105,19390.695648921654,246977.52747253515,0.49609483030803503,18083.998166971374
63,2010,183301.04395604692,0.6243124938466025,23232.14901768556,179316.7912087934,0.6615722986367274,22062.322374603245
66,2010,242304.02197802998,0.3762964084631193,22336.68148695561,236829.2417582497,0.3647440169114482,21369.931959948037
67,2010,198024.51098901965,0.741365841437883,23156.418875304516,190809.50549451448,0.7989650751316617,21193.55968506774
68,2010,206057.6758241821,0.5326311906618812,22763.709171029273,200531.70329670794,0.5458832173142127,21747.415447921492
69,2010,121063.79670329811,0.6586544906683542,21277.348097313195,119196.87912088027,0.7009868269838222,18888.532137222588
70,2010,184302.58241758682,0.43920121249368005,22159.85629312601,179615.86813187227,0.43913215352662494,21167.12197506195
71,2010,122955.95604395866,0.727598745617783,21850.26098756818,120598.51648351923,0.7789320887873998,20003.32376421662
72,2010,143382.1043956112,0.4477947107145841,28611.905859321705,137493.80219781026,0.4511570266708249,28200.076419711695
73,2010,148330.20879122242,0.624379951977069,19752.84374964889,138008.06593408063,0.6535006462195341,17261.567059595138
75,2010,238297.35714286007,0.3880797783370262,23176.4229058004,235728.1978022009,0.3951567327810874,21120.331578555517
76,2010,77048.52747253049,0.46216320586977755,34449.030712506734,74959.03296703566,0.464363821220533,35065.95756597142
77,2010,141306.42307692952,0.6718099069184831,22978.219765982125,132979.15384616144,0.7029171624150763,21518.40465083625
78,2010,150073.67582418397,0.5535437203689568,31367.132742777525,142156.85714286566,0.5648754669985045,31529.450538075354
79,2010,154694.70879121684,0.6663164963567354,19369.775648828596,149782.1428571511,0.6894189504206736,17977.822857971303
81,2010,133268.50549451075,0.63296278575298,18261.866020125337,127069.56043956615,0.6441654047331866,16670.47784710396
83,2010,170585.44505495392,0.5213874494274784,18767.188287943136,164261.01098901965,0.5202048494403877,17308.471989846323
84,2010,129509.88461538684,0.44626814438267814,42017.208985762205,127813.00000000233,0.4600478199244691,43131.54871124588
88,2010,125815.28571428917,0.5100372483562303,27715.278805746944,120444.60439560749,0.518925551373453,27646.238179698834
90,2010,152630.35714286566,0.3450681330572962,27105.126836921903,145330.58241759054,0.3235811931481507,26634.41806978942
94,2010,64486.29120879993,0.2609535909123437,30835.058716530562,59320.16483517364,0.234730076424583,30953.20319584041
100,2010,37015.32967032725,0.6079119450045649,24150.007141917362,38987.70329670096,0.6035443636129489,23978.123429260973
101,2010,38797.69780219807,0.5096504176357683,26270.531534526497,38752.02197802229,0.5316439483662379,25299.317685384303
102,2010,213006.3516483344,0.4527718951612112,26149.17280830769,226278.86813184991,0.4572449563119605,25026.940112668555
103,2010,127951.55494503677,0.7220631209585253,21436.385664825328,137227.0659340471,0.7261070168128878,20330.574877090286
104,2010,193027.7637362592,0.5269670675414488,25846.31176518707,202136.97802197188,0.5079964698576873,25455.350190477795
105,2010,261242.939560432,0.5076359175785399,27603.858372869203,270479.2197802104,0.5175705986739985,26616.88286920404
106,2010,134948.96703295782,0.5518853498173577,24212.851787660737,143755.63736262918,0.5641012468346389,23080.295775104314
107,2010,135464.10439559817,0.638760506017757,25161.70353704621,144472.4175824076,0.62607715289856,24895.896564326365
108,2010,103235.05494504608,0.5800236548645472,23369.17758513661,110530.68131867051,0.5718972607943407,22400.914275842486
109,2010,189138.60439558327,0.6503285568807851,24170.996469502687,203081.49450547248,0.6422613943579822,23847.360917280777
110,2010,122569.21428570896,0.725379087778597,21772.376911034808,131193.08791208267,0.7172796107838426,20893.0357868087
111,2010,131644.7252747137,0.3936952912545024,26374.88266971172,138357.59340658225,0.36776164180193405,25775.164513052907
112,2010,88196.51648350991,0.6942061313303007,26910.546088562856,94667.2967032902,0.6804071282774551,26897.80171015273
114,2010,184324.78021977097,0.4351989392091943,30466.033374401042,194742.89010987803,0.43452807138441896,29690.762799594086
115,2010,105860.67032966204,0.6309382658163791,21524.005549547495,113846.29670328647,0.6399420043309156,20521.357902475633
120,2010,123328.19780218229,0.17763731735059451,28571.03606951749,132465.79120877758,0.18530791793532764,28239.51364682964
121,2010,117117.08791207895,0.2268671921540708,29287.85591907415,127054.2747252658,0.22174543214398312,29126.165302053094
122,2010,123307.24175822735,0.11644724015681263,26078.19615741307,133068.3516483344,0.11098506688371046,24777.621583445463
123,2010,52808.13186812773,0.14644605455210247,29154.195126338396,57288.21978021599,0.13882703188994405,28693.481779845548
1,2011,91074.45054945163,0.29836962027704494,65530.69705578126,89518.23626373755,0.29214161275050543,69921.01417727955
5,2011,96423.97802197852,0.3425172802037082,58174.21758723166,95887.16483516537,0.35093912921443504,61430.00259139389
6,2011,82382.31868132204,0.28783848819198,71155.89722165652,80023.34065934457,0.26842213528289705,75715.52724257298
7,2011,87818.4945054946,0.30542173635360115,56492.213208084926,87924.32967032981,0.32514067097114463,59169.67391884606
9,2011,116597.71428571502,0.27648749180294807,61179.309142923914,115778.3736263744,0.2705966849227135,65044.67095168214
10,2011,79601.79120878922,0.33745572116628253,63841.281696823426,81130.45054944837,0.32671494602890405,66665.13679806609
13,2011,116409.62637362909,0.30426881017500307,65276.637253023684,114263.03296703659,0.28711439024188223,69509.99590268172
14,2011,88227.43956043664,0.35534959439543456,70582.46942666173,89715.43406593101,0.33653632430343094,75032.91535416059
17,2011,78953.25274725189,0.3000867125191533,82527.66958401538,79737.91208791104,0.27697925677001933,88511.41050173528
18,2011,116142.6153846113,0.39374686472507037,65392.06262748968,119349.96153845638,0.38329654983116157,68283.02660355996
19,2011,198021.9780219728,0.3422778280796308,71283.9090674324,201373.43406592868,0.3407934646000381,74421.07373111602
20,2011,78462.40659340733,0.4779919242020654,52524.467692006845,78223.02747252834,0.5000801152531338,53503.28204254527
22,2011,148155.86813186575,0.46701877192839447,56460.338343609124,150758.6813186789,0.48442156142714055,57782.78051097039
23,2011,116580.28571428545,0.5623209295280986,39130.4030497605,117194.58791208756,0.5970196309626061,37312.206364593
24,2011,114588.06593406782,0.5782271602664366,43725.81991693936,113794.19780219998,0.6135139845140998,42538.599256404676
25,2011,110653.95604395703,0.6152372548259564,34698.143781526946,109605.67582417675,0.6615616369005863,31494.48921526037
26,2011,87696.703296703,0.5814934324515235,31836.269562784582,87770.37912087876,0.6160514784918831,29477.243929433636
28,2011,113274.97802197753,0.6080444915904053,33790.28378322255,113144.62637362571,0.6505046362096181,31298.20313431509
30,2011,59663.20879121008,0.5251113912620511,31252.504155341536,59032.04945055093,0.5489366771073421,29063.251034482382
32,2011,85656.4505494521,0.5337580186951669,31958.062634833157,83925.390109892,0.5659606785949052,29023.775351615623
33,2011,88211.65934066148,0.2821586057291979,28653.01864975039,87186.13186813425,0.28216296289343246,26755.06298014056
34,2011,106468.64835164836,0.21817642745140375,25261.011301514227,107274.56043956056,0.21116446401952338,24393.697696764022
40,2011,152326.4505494535,0.6510200889654101,22639.5932799438,148971.81318681687,0.7047201080549144,19967.699799208902
41,2011,100878.07692308165,0.5926578935155078,22086.022158552893,97345.69230769668,0.6503232743175715,18536.741252094507
42,2011,145741.0329670366,0.6700283562543916,24129.79106661491,141681.63736264128,0.7281391018717187,19936.187183793634
43,2011,137819.81318681268,0.6129670462316312,22165.972411531955,138258.43956043897,0.6692558433681626,19600.2850663485
44,2011,148376.38461538637,0.5930131352213834,24338.232821956277,146498.50000000186,0.6403223766786823,21206.981482185423
45,2011,92838.90109890164,0.5264101785838022,27197.222348798998,92083.0109890115,0.5615142923893046,24283.183572042733
46,2011,119801.75824175682,0.5043353584836296,29455.687490217388,120745.6208791195,0.5471842734448984,26869.079970868304
47,2011,197556.1538461512,0.46555280513425856,41461.83635117579,199034.6923076897,0.4955631563999461,38095.07764634304
48,2011,133315.97802197793,0.6175862906650167,33930.44482286833,131911.35714285728,0.6711085201269498,29825.34566938225
49,2011,138717.736263738,0.5495331881953405,28196.68644799106,137089.9780219798,0.5861050241448993,25822.267484545708
50,2011,103313.4505494493,0.5649075609170993,32739.83001133334,104385.23626373475,0.5940873815998771,30592.593464825302
52,2011,146318.6043956047,0.46569848368169176,36125.48393917829,146316.0824175828,0.4906617104934625,33308.24466652237
60,2011,98301.26373626664,0.44591770013656973,22329.81246804539,95447.9450549474,0.4473238933635062,20539.52587785665
61,2011,5026.886946387007,0.5746329827515524,22500.991160677746,5318.935897435993,0.6123182536613996,20156.63818981871
62,2011,261550.1978022065,0.4873862889786871,20697.3931308724,254263.86263737082,0.49174055964336105,19390.695648921654
63,2011,187285.2967032995,0.5870526890564776,24401.975660767406,183301.04395604692,0.6243124938466025,23232.14901768556
66,2011,247778.80219781026,0.38784880001479394,23303.431013963185,242304.02197802998,0.3762964084631193,22336.68148695561
67,2011,205239.5164835248,0.68376660774409,25119.278065540828,198024.51098901965,0.741365841437883,23156.418875304516
68,2011,211583.6483516544,0.5193791640095462,23780.002894137055,206057.6758241821,0.5326311906618812,22763.709171029273
69,2011,122930.71428571548,0.6163221543529005,23666.164057404734,121063.79670329811,0.6586544906683542,21277.348097313195
70,2011,188989.29670330137,0.4392702714607353,23152.59061119007,184302.58241758682,0.43920121249368005,22159.85629312601
71,2011,125313.3956043981,0.6762654024481805,23697.19821091974,122955.95604395866,0.727598745617783,21850.26098756818
72,2011,149270.40659341402,0.4444323947583433,29023.73529893183,143382.1043956112,0.4477947107145841,28611.905859321705
73,2011,158652.35164836422,0.595259257734611,22244.120439701714,148330.20879122242,0.624379951977069,19752.84374964889
75,2011,240866.51648351923,0.381002823892965,25232.51423304528,238297.35714286007,0.3880797783370262,23176.4229058004
76,2011,79138.02197802532,0.4599625905190212,33832.10385904182,77048.52747253049,0.46216320586977755,34449.030712506734
77,2011,149633.69230769947,0.640702651421897,24438.034881128,141306.42307692952,0.6718099069184831,22978.219765982125
78,2011,157990.49450550228,0.5422119737394091,31204.814947479696,150073.67582418397,0.5535437203689568,31367.132742777525
79,2011,159607.27472528256,0.6432140422927972,20761.72843968589,154694.70879121684,0.6663164963567354,19369.775648828596
81,2011,139467.45054945536,0.6217601667727735,19853.254193146713,133268.50549451075,0.63296278575298,18261.866020125337
83,2011,176909.87912088633,0.5225700494145691,20225.90458603995,170585.44505495392,0.5213874494274784,18767.188287943136
84,2011,131206.76923077134,0.4324884688408872,40902.86926027853,129509.88461538684,0.44626814438267814,42017.208985762205
88,2011,131185.967032969,0.5011489453390112,27784.319431795055,125815.28571428917,0.5100372483562303,27715.278805746944
90,2011,159930.1318681389,0.36655507296644174,27575.835604054388,152630.35714286566,0.3450681330572962,27105.126836921903
94,2011,69652.41758242622,0.28717710540010444,30716.914237220684,64486.29120879993,0.2609535909123437,30835.058716530562
100,2011,35042.95604395401,0.6122795263961827,24321.89085457381,37015.32967032725,0.6079119450045649,24150.007141917362
101,2011,38843.37362637385,0.48765688690529174,27241.74538366869,38797.69780219807,0.5096504176357683,26270.531534526497
102,2011,199733.8351648189,0.4482988340104601,27271.405503946822,213006.3516483344,0.4527718951612112,26149.17280830769
103,2011,118676.04395602643,0.7180192251041628,22542.19645256037,127951.55494503677,0.7220631209585253,21436.385664825328
104,2011,183918.54945054278,0.5459376652252175,26237.27333989623,193027.7637362592,0.5269670675414488,25846.31176518707
105,2011,252006.65934065357,0.49770123648308484,28590.833876534132,261242.939560432,0.5076359175785399,27603.858372869203
106,2011,126142.2967032902,0.5396694528000765,25345.40780021716,134948.96703295782,0.5518853498173577,24212.851787660737
107,2011,126455.79120878503,0.6514438591369576,25427.510509766173,135464.10439559817,0.638760506017757,25161.70353704621
108,2011,95939.42857141979,0.5881500489347573,24337.440894430503,103235.05494504608,0.5800236548645472,23369.17758513661
109,2011,175195.71428569406,0.6583957194035879,24494.632021724596,189138.60439558327,0.6503285568807851,24170.996469502687
110,2011,113945.34065933526,0.7334785647733515,22651.71803526068,122569.21428570896,0.725379087778597,21772.376911034808
111,2011,124931.85714284703,0.4196289407070637,26974.600826370297,131644.7252747137,0.3936952912545024,26374.88266971172
112,2011,81725.7362637315,0.7080051343831499,26923.290466972987,88196.51648350991,0.6942061313303007,26910.546088562856
114,2011,173906.67032966018,0.4358698070339696,31241.303949208,184324.78021977097,0.4351989392091943,30466.033374401042
115,2011,97875.04395603575,0.6219345273018462,22526.653196619358,105860.67032966204,0.6309382658163791,21524.005549547495
120,2011,114190.60439559072,0.1699667167658614,28902.558492205222,123328.19780218229,0.17763731735059451,28571.03606951749
121,2011,107179.90109889209,0.23198895216416027,29449.546536095208,117117.08791207895,0.2268671921540708,29287.85591907415
122,2011,113546.13186811656,0.12190941342991479,27378.770731380675,123307.24175822735,0.11644724015681263,26078.19615741307
123,2011,48328.04395603947,0.15406507721426266,29614.908472831245,52808.13186812773,0.14644605455210247,29154.195126338396
1,2012,92630.66483516619,0.30459762780358446,61140.37993428297,91074.45054945163,0.29836962027704494,65530.69705578126
5,2012,96960.79120879166,0.3340954311929849,54918.43258307036,96423.97802197852,0.3425172802037082,58174.21758723166
6,2012,84741.29670330044,0.30725484110107004,66596.26720074005,82382.31868132204,0.28783848819198,71155.89722165652
7,2012,87712.65934065936,0.28570280173605767,53814.75249732379,87818.4945054946,0.30542173635360115,56492.213208084926
9,2012,117417.05494505563,0.2823782986831844,57313.947334165685,116597.71428571502,0.27648749180294807,61179.309142923914
10,2012,78073.13186813006,0.34819649630366456,61017.42659557983,79601.79120878922,0.33745572116628253,63841.281696823426
13,2012,118556.21978022251,0.3214232301081168,61043.278603365645,116409.62637362909,0.30426881017500307,65276.637253023684
14,2012,86739.44505494274,0.3741628644874382,66132.02349916287,88227.43956043664,0.35534959439543456,70582.46942666173
17,2012,78168.5934065925,0.3231941682682873,76543.92866629548,78953.25274725189,0.3000867125191533,82527.66958401538
18,2012,112935.26923076529,0.4041971796189756,62501.098651420325,116142.6153846113,0.39374686472507037,65392.06262748968
19,2012,194670.52197801694,0.34376219155922305,68146.74440374877,198021.9780219728,0.3422778280796308,71283.9090674324
20,2012,78701.78571428632,0.45590373315099697,51545.65334146866,78462.40659340733,0.4779919242020654,52524.467692006845
22,2012,145553.0549450526,0.4496159824296413,55137.89617624739,148155.86813186575,0.46701877192839447,56460.338343609124
23,2012,115965.9835164831,0.5276222280935912,40948.59973492799,116580.28571428545,0.5623209295280986,39130.4030497605
24,2012,115381.93406593567,0.5429403360187877,44913.040577474516,114588.06593406782,0.5782271602664366,43725.81991693936
25,2012,111702.23626373732,0.5689128727513122,37901.79834779259,110653.95604395703,0.6152372548259564,34698.143781526946
26,2012,87623.02747252723,0.5469353864111639,34195.29519613553,87696.703296703,0.5814934324515235,31836.269562784582
28,2012,113405.32967032935,0.5655843469711925,36282.36443212908,113274.97802197753,0.6080444915904053,33790.28378322255
30,2012,60294.36813186924,0.5012861054167601,33441.75727620069,59663.20879121008,0.5251113912620511,31252.504155341536
32,2012,87387.51098901266,0.5015553587954287,34892.34991805069,85656.4505494521,0.5337580186951669,31958.062634833157
33,2012,89237.18681318872,0.2821542485649633,30550.974319359753,88211.65934066148,0.2821586057291979,28653.01864975039
34,2012,105662.73626373592,0.22518839088328235,26128.324906264665,106468.64835164836,0.21817642745140375,25261.011301514227
40,2012,155681.08791209105,0.5973200698759058,25311.4867606787,152326.4505494535,0.6510200889654101,22639.5932799438
41,2012,104410.4615384657,0.5349925127134298,25635.303065010346,100878.07692308165,0.5926578935155078,22086.022158552893
42,2012,149800.42857143283,0.6119176106370503,28323.39494943805,145741.0329670366,0.6700283562543916,24129.79106661491
43,2012,137381.18681318627,0.5566782490950999,24731.659756714478,137819.81318681268,0.6129670462316312,22165.972411531955
44,2012,150254.26923077088,0.5457038937640704,27469.48416172713,148376.38461538637,0.5930131352213834,24338.232821956277
45,2012,93594.79120879178,0.49130606477831407,30111.261125555262,92838.90109890164,0.5264101785838022,27197.222348798998
46,2012,118857.89560439438,0.4614864435223467,32042.295009567402,119801.75824175682,0.5043353584836296,29455.687490217388
47,2012,196077.61538461316,0.43554245386857104,44828.59505600855,197556.1538461512,0.46555280513425856,41461.83635117579
48,2012,134720.59890109906,0.5640640612030836,38035.54397635441,133315.97802197793,0.6175862906650167,33930.44482286833
49,2012,140345.49450549623,0.5129613522457959,30571.10541143734,138717.736263738,0.5495331881953405,28196.68644799106
50,2012,102241.66483516386,0.5357277402343215,34887.066557841375,103313.4505494493,0.5649075609170993,32739.83001133334
52,2012,146321.12637362658,0.440735256869921,38942.72321183514,146318.6043956047,0.46569848368169176,36125.48393917829
60,2012,101154.58241758496,0.4445115069096337,24120.099058234133,98301.26373626664,0.44591770013656973,22329.81246804539
61,2012,4734.837995338021,0.5369477118417052,24845.34413153678,5026.886946387007,0.5746329827515524,22500.991160677746
62,2012,268836.5329670403,0.4830320183140131,22004.090612823144,261550.1978022065,0.4873862889786871,20697.3931308724
63,2012,191269.5494505521,0.5497928842663526,25571.802303849254,187285.2967032995,0.5870526890564776,24401.975660767406
66,2012,253253.58241759054,0.3994011915664686,24270.18054097076,247778.80219781026,0.38784880001479394,23303.431013963185
67,2012,212454.52197802998,0.6261673740502971,27082.13725577714,205239.5164835248,0.68376660774409,25119.278065540828
68,2012,217109.6208791267,0.5061271373572112,24796.296617244836,211583.6483516544,0.5193791640095462,23780.002894137055
69,2012,124797.63186813332,0.5739898180374325,26054.98001749534,122930.71428571548,0.6163221543529005,23666.164057404734
70,2012,193676.01098901406,0.4393393304277904,24145.324929253897,188989.29670330137,0.4392702714607353,23152.59061119007
71,2012,127670.83516483754,0.6249320592785637,25544.135434271302,125313.3956043981,0.6762654024481805,23697.19821091974
72,2012,155158.70879121497,0.4410700788021016,29435.564738541958,149270.40659341402,0.4444323947583433,29023.73529893183
73,2012,168974.494505506,0.5661385634921459,24735.397129755467,158652.35164836422,0.595259257734611,22244.120439701714
75,2012,243435.6758241793,0.3739258694489038,27288.605560290627,240866.51648351923,0.381002823892965,25232.51423304528
76,2012,81227.51648351923,0.4577619751682658,33215.177005577134,79138.02197802532,0.4599625905190212,33832.10385904182
77,2012,157960.96153846756,0.6095953959253109,25897.84999627387,149633.69230769947,0.640702651421897,24438.034881128
78,2012,165907.3131868206,0.5308802271098614,31042.497152181866,157990.49450550228,0.5422119737394091,31204.814947479696
79,2012,164519.8406593483,0.6201115882288519,22153.68123054318,159607.27472528256,0.6432140422927972,20761.72843968589
81,2012,145666.39560439996,0.6105575477925669,21444.642366167624,139467.45054945536,0.6217601667727735,19853.254193146713
83,2012,183234.3131868206,0.5237526494016598,21684.620884136762,176909.87912088633,0.5225700494145691,20225.90458603995
84,2012,132903.65384615585,0.41870879329909627,39788.529534794856,131206.76923077134,0.4324884688408872,40902.86926027853
88,2012,136556.64835165069,0.49226064232178857,27853.360057843136,131185.967032969,0.5011489453390112,27784.319431795055
90,2012,167229.90659341402,0.38804201287559437,28046.54437118699,159930.1318681389,0.36655507296644174,27575.835604054388
94,2012,74818.54395605251,0.31340061988786516,30598.769757910835,69652.41758242622,0.28717710540010444,30716.914237220684
100,2012,33070.5824175803,0.6166471077877986,24493.774567230197,35042.95604395401,0.6122795263961827,24321.89085457381
101,2012,38889.049450549624,0.46566335617482224,28212.959232811118,38843.37362637385,0.48765688690529174,27241.74538366869
102,2012,186461.3186813034,0.4438257728597108,28393.63819958549,199733.8351648189,0.4482988340104601,27271.405503946822
103,2012,109400.5329670161,0.7139753292498003,23648.007240294944,118676.04395602643,0.7180192251041628,22542.19645256037
104,2012,174809.3351648301,0.564908262908979,26628.234914605506,183918.54945054278,0.5459376652252175,26237.27333989623
105,2012,242770.37912087142,0.48776655538762625,29577.809380199295,252006.65934065357,0.49770123648308484,28590.833876534132
106,2012,117335.62637361884,0.5274535557827953,26477.96381277358,126142.2967032902,0.5396694528000765,25345.40780021716
107,2012,117447.47802197188,0.6641272122561546,25693.317482486018,126455.79120878503,0.6514438591369576,25427.510509766173
108,2012,88643.8021977935,0.5962764430049674,25305.70420372463,95939.42857141979,0.5881500489347573,24337.440894430503
109,2012,161252.82417580485,0.6664628819263942,24818.267573946505,175195.71428569406,0.6583957194035879,24494.632021724596
110,2012,105321.46703296155,0.7415780417681024,23531.059159486787,113945.34065933526,0.7334785647733515,22651.71803526068
111,2012,118218.98901097849,0.44556259015962496,27574.318983028876,124931.85714284703,0.4196289407070637,26974.600826370297
112,2012,75254.95604395121,0.7218041374359956,26936.034845383114,81725.7362637315,0.7080051343831499,26923.290466972987
114,2012,163488.5604395494,0.4365406748587449,32016.57452401519,173906.67032966018,0.4358698070339696,31241.303949208
115,2012,89889.41758240946,0.6129307887873132,23529.30084369122,97875.04395603575,0.6219345273018462,22526.653196619358
120,2012,105053.01098899916,0.16229611618112827,29234.080914892955,114190.60439559072,0.1699667167658614,28902.558492205222
121,2012,97242.71428570524,0.23711071217424973,29611.237153116264,107179.90109889209,0.23198895216416027,29449.546536095208
122,2012,103785.02197800577,0.12737158670301518,28679.345305348746,113546.13186811656,0.12190941342991479,27378.770731380675
123,2012,43847.95604395121,0.16168409987642285,30075.621819324093,48328.04395603947,0.15406507721426266,29614.908472831245
1,2013,94186.87912088027,0.310825635330124,56750.06281278655,92630.66483516619,0.30459762780358446,61140.37993428297
5,2013,97497.60439560481,0.32567358218225806,51662.64757890813,96960.79120879166,0.3340954311929849,54918.43258307036
6,2013,87100.27472527791,0.326671194010153,62036.63717982359,84741.29670330044,0.30725484110107004,66596.26720074005
7,2013,87606.82417582415,0.2659838671185071,51137.29178656265,87712.65934065936,0.28570280173605767,53814.75249732379
9,2013,118236.39560439624,0.288269105563419,53448.58552540839,117417.05494505563,0.2823782986831844,57313.947334165685
10,2013,76544.4725274709,0.35893727144104304,58193.57149433624,78073.13186813006,0.34819649630366456,61017.42659557983
13,2013,120702.81318681594,0.33857765004123763,56809.919953707606,118556.21978022251,0.3214232301081168,61043.278603365645
14,2013,85251.45054944837,0.3929761345794347,61681.577571664006,86739.44505494274,0.3741628644874382,66132.02349916287
17,2013,77383.93406593334,0.34630162401742126,70560.18774857745,78168.5934065925,0.3231941682682873,76543.92866629548
18,2013,109727.92307692021,0.4146474945128844,59610.13467535004,112935.26923076529,0.4041971796189756,62501.098651420325
19,2013,191319.06593406107,0.34524655503881574,65009.57974006515,194670.52197801694,0.34376219155922305,68146.74440374877
20,2013,78941.16483516531,0.43381554209992856,50566.838990930235,78701.78571428632,0.45590373315099697,51545.65334146866
22,2013,142950.24175823946,0.4322131929308952,53815.454008886125,145553.0549450526,0.4496159824296413,55137.89617624739
23,2013,115351.68131868099,0.4929235266590979,42766.796420095954,115965.9835164831,0.5276222280935912,40948.59973492799
24,2013,116175.80219780351,0.5076535117711245,46100.2612380092,115381.93406593567,0.5429403360187877,44913.040577474516
25,2013,112750.5164835176,0.5225884906766822,41105.45291405823,111702.23626373732,0.5689128727513122,37901.79834779259
26,2013,87549.35164835147,0.5123773403708043,36554.32082948554,87623.02747252723,0.5469353864111639,34195.29519613553
28,2013,113535.68131868116,0.5231242023519798,38774.44508103561,113405.32967032935,0.5655843469711925,36282.36443212908
30,2013,60925.527472528396,0.47746081957146913,35631.01039705984,60294.36813186924,0.5012861054167601,33441.75727620069
32,2013,89118.57142857276,0.4693526988956904,37826.637201268226,87387.51098901266,0.5015553587954287,34892.34991805069
33,2013,90262.71428571572,0.2821498914007287,32448.929988969583,89237.18681318872,0.2821542485649633,30550.974319359753
34,2013,104856.82417582371,0.23220035431516273,26995.63851101487,105662.73626373592,0.22518839088328235,26128.324906264665
40,2013,159035.7252747286,0.5436200507864015,27983.38024141267,155681.08791209105,0.5973200698759058,25311.4867606787
41,2013,107942.84615385067,0.4773271319113519,29184.58397146873,104410.4615384657,0.5349925127134298,25635.303065010346
42,2013,153859.82417582814,0.5538068650197232,32516.998832259327,149800.42857143283,0.6119176106370503,28323.39494943805
43,2013,136942.56043955998,0.5003894519585685,27297.347101897,137381.18681318627,0.5566782490950999,24731.659756714478
44,2013,152132.1538461554,0.4983946523067715,30600.735501497053,150254.26923077088,0.5457038937640704,27469.48416172713
45,2013,94350.68131868192,0.4562019509728117,33025.299902310595,93594.79120879178,0.49130606477831407,30111.261125555262
46,2013,117914.0329670317,0.41863752856106373,34628.90252891742,118857.89560439438,0.4614864435223467,32042.295009567402
47,2013,194599.07692307467,0.4055321026028764,48195.3537608413,196077.61538461316,0.43554245386857104,44828.59505600855
48,2013,136125.21978022018,0.5105418317411363,42140.64312984049,134720.59890109906,0.5640640612030836,38035.54397635441
49,2013,141973.25274725445,0.47638951629625126,32945.52437488269,140345.49450549623,0.5129613522457959,30571.10541143734
50,2013,101169.87912087794,0.5065479195515437,37034.30310434941,102241.66483516386,0.5357277402343215,34887.066557841375
52,2013,146323.64835164847,0.4157720300581502,41759.96248449106,146321.12637362658,0.440735256869921,38942.72321183514
60,2013,104007.90109890327,0.44310531368269723,25910.38564842241,101154.58241758496,0.4445115069096337,24120.099058234133
61,2013,4442.789044289035,0.4992624409318438,27189.697102395818,4734.837995338021,0.5369477118417052,24845.34413153678
62,2013,276122.868131876,0.4786777476493409,23310.78809477389,268836.5329670403,0.4830320183140131,22004.090612823144
63,2013,195253.80219780467,0.5125330794762277,26741.6289469311,191269.5494505521,0.5497928842663526,25571.802303849254
66,2013,258728.36263737082,0.41095358311814323,25236.930067978334,253253.58241759054,0.3994011915664686,24270.18054097076
67,2013,219669.52747253515,0.5685681403565042,29044.99644601345,212454.52197802998,0.6261673740502971,27082.13725577714
68,2013,222635.59340659901,0.49287511070487966,25812.59034035285,217109.6208791267,0.5061271373572112,24796.296617244836
69,2013,126664.5494505507,0.5316574817219788,28443.79597758688,124797.63186813332,0.5739898180374325,26054.98001749534
70,2013,198362.7252747286,0.4394083893948456,25138.059247317957,193676.01098901406,0.4393393304277904,24145.324929253897
71,2013,130028.27472527605,0.5735987161089611,27391.072657622863,127670.83516483754,0.6249320592785637,25544.135434271302
72,2013,161047.01098901778,0.43770776284586077,29847.394178151968,155158.70879121497,0.4410700788021016,29435.564738541958
73,2013,179296.6373626478,0.5370178692496808,27226.67381980829,168974.494505506,0.5661385634921459,24735.397129755467
75,2013,246004.83516483847,0.3668489150048426,29344.69688753551,243435.6758241793,0.3739258694489038,27288.605560290627
76,2013,83317.01098901406,0.45556135981751034,32598.25015211245,81227.51648351923,0.4577619751682658,33215.177005577134
77,2013,166288.23076923564,0.5784881404287248,27357.66511142021,157960.96153846756,0.6095953959253109,25897.84999627387
78,2013,173824.1318681389,0.5195484804803137,30880.179356884037,165907.3131868206,0.5308802271098614,31042.497152181866
79,2013,169432.40659341402,0.5970091341649137,23545.634021400474,164519.8406593483,0.6201115882288519,22153.68123054318
81,2013,151865.34065934457,0.5993549288123603,23036.030539189,145666.39560439996,0.6105575477925669,21444.642366167624
83,2013,189558.74725275487,0.5249352493887505,23143.337182233576,183234.3131868206,0.5237526494016598,21684.620884136762
84,2013,134600.53846154083,0.40492911775730533,38674.18980931118,132903.65384615585,0.41870879329909627,39788.529534794856
88,2013,141927.32967033237,0.4833723393045659,27922.400683891246,136556.64835165069,0.49226064232178857,27853.360057843136
90,2013,174529.68131868728,0.4095289527847399,28517.253138319473,167229.90659341402,0.38804201287559437,28046.54437118699
94,2013,79984.6703296788,0.3396241343756259,30480.625278600986,74818.54395605251,0.31340061988786516,30598.769757910835
100,2013,31098.208791207056,0.6210146891794164,24665.658279886644,33070.5824175803,0.6166471077877986,24493.774567230197
101,2013,38934.7252747254,0.44366982544434563,29184.17308195331,38889.049450549624,0.46566335617482224,28212.959232811118
102,2013,173188.8021977879,0.43935271170895973,29515.870895224623,186461.3186813034,0.4438257728597108,28393.63819958549
103,2013,100125.02197800577,0.7099314333954378,24753.818028029986,109400.5329670161,0.7139753292498003,23648.007240294944
104,2013,165700.1208791174,0.5838788605927405,27019.196489314665,174809.3351648301,0.564908262908979,26628.234914605506
105,2013,233534.098901093,0.47783187429216767,30564.784883864457,242770.37912087142,0.48776655538762625,29577.809380199295
106,2013,108528.95604395121,0.5152376587655105,27610.519825330004,117335.62637361884,0.5274535557827953,26477.96381277358
107,2013,108439.16483515874,0.6768105653753516,25959.124455205863,117447.47802197188,0.6641272122561546,25693.317482486018
108,2013,81348.1758241672,0.6044028370751775,26273.967513018753,88643.8021977935,0.5962764430049674,25305.70420372463
109,2013,147309.93406591192,0.6745300444491971,25141.903126168414,161252.82417580485,0.6664628819263942,24818.267573946505
110,2013,96697.59340658784,0.7496775187628568,24410.40028371266,105321.46703296155,0.7415780417681024,23531.059159486787
111,2013,111506.12087911181,0.47149623961219334,28174.037139687687,118218.98901097849,0.44556259015962496,27574.318983028876
112,2013,68784.17582417093,0.7356031404888412,26948.779223793244,75254.95604395121,0.7218041374359956,26936.034845383114
114,2013,153070.45054944232,0.43721154268352025,32791.845098822145,163488.5604395494,0.4365406748587449,32016.57452401519
115,2013,81903.79120878316,0.6039270502727803,24531.948490763083,89889.41758240946,0.6129307887873132,23529.30084369122
120,2013,95915.41758240387,0.15462551559639337,29565.603337580687,105053.01098899916,0.16229611618112827,29234.080914892955
121,2013,87305.52747251838,0.2422324721843374,29772.92777013732,97242.71428570524,0.23711071217424973,29611.237153116264
122,2013,94023.9120878987,0.13283375997611735,29979.919879316352,103785.02197800577,0.12737158670301518,28679.345305348746
123,2013,39367.868131864816,0.16930312253858304,30536.33516581694,43847.95604395121,0.16168409987642285,30075.621819324093
1,2014,95743.09340659482,0.3170536428566635,52359.74569128826,94186.87912088027,0.310825635330124,56750.06281278655
5,2014,98034.41758241795,0.3172517331715312,48406.8625747459,97497.60439560481,0.32567358218225806,51662.64757890813
6,2014,89459.25274725538,0.34608754691924304,57477.00715890713,87100.27472527791,0.326671194010153,62036.63717982359
7,2014,87500.98901098894,0.2462649325009636,48459.83107580058,87606.82417582415,0.2659838671185071,51137.29178656265
9,2014,119055.73626373685,0.29415991244365536,49583.22371665016,118236.39560439624,0.288269105563419,53448.58552540839
10,2014,75015.81318681175,0.3696780465784215,55369.71639309358,76544.4725274709,0.35893727144104304,58193.57149433624
13,2014,122849.40659340937,0.35573206997435136,52576.56130405143,120702.81318681594,0.33857765004123763,56809.919953707606
14,2014,83763.45604395447,0.4117894046714383,57231.13164416514,85251.45054944837,0.3929761345794347,61681.577571664006
17,2014,76599.27472527395,0.36940907976655524,64576.446830857545,77383.93406593334,0.34630162401742126,70560.18774857745
18,2014,106520.5769230742,0.4250978094067932,56719.170699279755,109727.92307692021,0.4146474945128844,59610.13467535004
19,2014,187967.60989010613,0.3467309185184084,61872.415076380596,191319.06593406107,0.34524655503881574,65009.57974006515
20,2014,79180.5439560443,0.41172735104885305,49588.02464039181,78941.16483516531,0.43381554209992856,50566.838990930235
22,2014,140347.4285714263,0.41481040343214204,52493.01184152439,142950.24175823946,0.4322131929308952,53815.454008886125
23,2014,114737.37912087888,0.4582248252245904,44584.99310526345,115351.68131868099,0.4929235266590979,42766.796420095954
24,2014,116969.67032967135,0.47236668752347555,47287.481898544356,116175.80219780351,0.5076535117711245,46100.2612380092
25,2014,113798.79670329741,0.47626410860205226,44309.10748032387,112750.5164835176,0.5225884906766822,41105.45291405823
26,2014,87475.6758241757,0.4778192943304447,38913.34646283649,87549.35164835147,0.5123773403708043,36554.32082948554
28,2014,113666.03296703292,0.480664057732767,41266.525729942136,113535.68131868116,0.5231242023519798,38774.44508103561
30,2014,61556.68681318755,0.45363553372617815,37820.263517918065,60925.527472528396,0.47746081957146913,35631.01039705984
32,2014,90849.63186813286,0.4371500389959522,40760.92448448576,89118.57142857276,0.4693526988956904,37826.637201268226
33,2014,91288.24175824295,0.28214553423649413,34346.88565857941,90262.71428571572,0.2821498914007287,32448.929988969583
34,2014,104050.9120879115,0.23921231774704133,27862.952115765074,104856.82417582371,0.23220035431516273,26995.63851101487
40,2014,162390.36263736524,0.48992003169689724,30655.27372214757,159035.7252747286,0.5436200507864015,27983.38024141267
41,2014,111475.23076923471,0.41966175110927395,32733.864877927117,107942.84615385067,0.4773271319113519,29184.58397146873
42,2014,157919.21978022344,0.4956961194023961,36710.60271508247,153859.82417582814,0.5538068650197232,32516.998832259327
43,2014,136503.93406593357,0.4441006548220372,29863.034447080456,136942.56043955998,0.5003894519585685,27297.347101897
44,2014,154010.0384615399,0.4510854108494726,33731.986841267906,152132.1538461554,0.4983946523067715,30600.735501497053
45,2014,95106.57142857206,0.4210978371673093,35939.33867906686,94350.68131868192,0.4562019509728117,33025.299902310595
46,2014,116970.17032966926,0.3757886135997808,37215.5100482665,117914.0329670317,0.41863752856106373,34628.90252891742
47,2014,193120.53846153663,0.3755217513371889,51562.11246567499,194599.07692307467,0.4055321026028764,48195.3537608413
48,2014,137529.84065934084,0.45701960227920324,46245.742283326574,136125.21978022018,0.5105418317411363,42140.64312984049
49,2014,143601.01098901266,0.43981768034670665,35319.94333832804,141973.25274725445,0.47638951629625126,32945.52437488269
50,2014,100098.0934065925,0.47736809886875875,39181.53965085745,101169.87912087794,0.5065479195515437,37034.30310434941
52,2014,146326.17032967036,0.39080880324638656,44577.20175714698,146323.64835164847,0.4157720300581502,41759.96248449106
60,2014,106861.21978022158,0.4416991204557612,27700.67223861115,104007.90109890327,0.44310531368269723,25910.38564842241
61,2014,4150.740093240165,0.4615771700219966,29534.050073254853,4442.789044289035,0.4992624409318438,27189.697102395818
62,2014,283409.2032967098,0.4743234769846669,24617.485576724634,276122.868131876,0.4786777476493409,23310.78809477389
63,2014,199238.0549450582,0.4752732746861028,27911.45559001295,195253.80219780467,0.5125330794762277,26741.6289469311
66,2014,264203.1428571511,0.4225059746698143,26203.679594985908,258728.36263737082,0.41095358311814323,25236.930067978334
67,2014,226884.53296704032,0.5109689066627112,31007.855636250228,219669.52747253515,0.5685681403565042,29044.99644601345
68,2014,228161.56593407132,0.4796230840525446,26828.88406346063,222635.59340659901,0.49287511070487966,25812.59034035285
69,2014,128531.46703296853,0.48932514540651084,30832.611937677488,126664.5494505507,0.5316574817219788,28443.79597758688
70,2014,203049.43956044316,0.4394774483619007,26130.793565382017,198362.7252747286,0.4394083893948456,25138.059247317957
71,2014,132385.71428571548,0.5222653729393585,29238.009880974423,130028.27472527605,0.5735987161089611,27391.072657622863
72,2014,166935.31318681873,0.43434544688961996,30259.223617762094,161047.01098901778,0.43770776284586077,29847.394178151968
73,2014,189618.7802197896,0.5078971750072228,29717.95050986111,179296.6373626478,0.5370178692496808,27226.67381980829
75,2014,248573.99450549763,0.3597719605607814,31400.78821478039,246004.83516483847,0.3668489150048426,29344.69688753551
76,2014,85406.50549450796,0.4533607444667549,31981.323298647767,83317.01098901406,0.45556135981751034,32598.25015211245
77,2014,174615.5000000056,0.5473808849321316,28817.480226566084,166288.23076923564,0.5784881404287248,27357.66511142021
78,2014,181740.95054945722,0.5082167338507624,30717.861561586207,173824.1318681389,0.5195484804803137,30880.179356884037
79,2014,174344.97252747975,0.5739066801009756,24937.586812257767,169432.40659341402,0.5970091341649137,23545.634021400474
81,2014,158064.28571429104,0.5881523098321537,24627.41871220991,151865.34065934457,0.5993549288123603,23036.030539189
83,2014,195883.18131868728,0.5261178493758407,24602.053480329923,189558.74725275487,0.5249352493887505,23143.337182233576
84,2014,136297.42307692533,0.3911494422155144,37559.85008382751,134600.53846154083,0.40492911775730533,38674.18980931118
88,2014,147298.0109890122,0.47448403628734326,27991.441309939357,141927.32967033237,0.4833723393045659,27922.400683891246
90,2014,181829.4560439624,0.4310158926938854,28987.961905451957,174529.68131868728,0.4095289527847399,28517.253138319473
94,2014,85150.79670330323,0.3658476488633866,30362.480799291137,79984.6703296788,0.3396241343756259,30480.625278600986
100,2014,29125.83516483335,0.6253822705710341,24837.541992543032,31098.208791207056,0.6210146891794164,24665.658279886644
101,2014,38980.40109890118,0.42167629471387613,30155.386931095505,38934.7252747254,0.44366982544434563,29184.17308195331
102,2014,159916.2857142724,0.43487965055821043,30638.103590863757,173188.8021977879,0.43935271170895973,29515.870895224623
103,2014,90849.51098899543,0.7058875375410754,25859.628815765027,100125.02197800577,0.7099314333954378,24753.818028029986
104,2014,156590.90659340099,0.6028494582765092,27410.15806402394,165700.1208791174,0.5838788605927405,27019.196489314665
105,2014,224297.8186813146,0.46789719319671264,31551.76038752962,233534.098901093,0.47783187429216767,30564.784883864457
106,2014,99722.28571427986,0.5030217617482293,28743.075837886427,108528.95604395121,0.5152376587655105,27610.519825330004
107,2014,99430.85164834559,0.6894939184945521,26224.93142792571,108439.16483515874,0.6768105653753516,25959.124455205863
108,2014,74052.54945054092,0.612529231145384,27242.230822312646,81348.1758241672,0.6044028370751775,26273.967513018753
109,2014,133367.0439560227,0.6825972069719999,25465.538678390323,147309.93406591192,0.6745300444491971,25141.903126168414
110,2014,88073.71978021413,0.7577769957576113,25289.741407938767,96697.59340658784,0.7496775187628568,24410.40028371266
111,2014,104793.25274724327,0.4974298890647546,28773.755296346266,111506.12087911181,0.47149623961219334,28174.037139687687
112,2014,62313.39560439065,0.7494021435416904,26961.52360220337,68784.17582417093,0.7356031404888412,26948.779223793244
114,2014,142652.34065933153,0.43788241050829557,33567.1156736291,153070.45054944232,0.43721154268352025,32791.845098822145
115,2014,73918.16483515687,0.5949233117582473,25534.596137834946,81903.79120878316,0.6039270502727803,24531.948490763083
120,2014,86777.8241758123,0.14695491501166025,29897.125760268536,95915.41758240387,0.15462551559639337,29565.603337580687
121,2014,77368.34065933153,0.24735423219442687,29934.618387158436,87305.52747251838,0.2422324721843374,29772.92777013732
122,2014,84262.80219778791,0.13829593324921952,31280.494453283958,94023.9120878987,0.13283375997611735,29979.919879316352
123,2014,34887.780219776556,0.17692214520074145,30997.04851230979,39367.868131864816,0.16930312253858304,30536.33516581694
1,2015,97299.30769230891,0.323281650383203,47969.428569789976,95743.09340659482,0.3170536428566635,52359.74569128826
5,2015,98571.2307692311,0.3088298841608079,45151.0775705846,98034.41758241795,0.3172517331715312,48406.8625747459
6,2015,91818.23076923378,0.3655038998283331,52917.37713799067,89459.25274725538,0.34608754691924304,57477.00715890713
7,2015,87395.1538461537,0.2265459978834201,45782.370365039445,87500.98901098894,0.2462649325009636,48459.83107580058
9,2015,119875.07692307746,0.30005071932388994,45717.86190789193,119055.73626373685,0.29415991244365536,49583.22371665016
10,2015,73487.15384615259,0.3804188217158,52545.861291849986,75015.81318681175,0.3696780465784215,55369.71639309358
13,2015,124996.00000000186,0.3728864899074722,48343.20265439339,122849.40659340937,0.35573206997435136,52576.56130405143
14,2015,82275.46153846057,0.43060267476343483,52780.68571666628,83763.45604395447,0.4117894046714383,57231.13164416514
17,2015,75814.6153846148,0.3925165355156963,58592.70591313951,76599.27472527395,0.36940907976655524,64576.446830857545
18,2015,103313.23076922912,0.435548124300702,53828.2067232104,106520.5769230742,0.4250978094067932,56719.170699279755
19,2015,184616.15384615026,0.34821528199800067,58735.25041269697,187967.60989010613,0.3467309185184084,61872.415076380596
20,2015,79419.9230769233,0.38963915999778465,48609.210289853625,79180.5439560443,0.41172735104885305,49588.02464039181
22,2015,137744.61538461316,0.39740761393339596,51170.569674163125,140347.4285714263,0.41481040343214204,52493.01184152439
23,2015,114123.07692307653,0.4235261237900829,46403.189790430944,114737.37912087888,0.4582248252245904,44584.99310526345
24,2015,117763.5384615392,0.4370798632758124,48474.70255907951,116969.67032967135,0.47236668752347555,47287.481898544356
25,2015,114847.0769230777,0.4299397265274223,47512.762046589516,113798.79670329741,0.47626410860205226,44309.10748032387
26,2015,87401.99999999991,0.44326124829008506,41272.372096187435,87475.6758241757,0.4778192943304447,38913.34646283649
28,2015,113796.38461538474,0.4382039131135542,43758.606378848664,113666.03296703292,0.480664057732767,41266.525729942136
30,2015,62187.84615384694,0.4298102478808872,40009.51663877722,61556.68681318755,0.45363553372617815,37820.263517918065
32,2015,92580.69230769342,0.4049473790961997,43695.211767703295,90849.63186813286,0.4371500389959522,40760.92448448576
33,2015,92313.76923077018,0.2821411770722595,36244.84132818924,91288.24175824295,0.28214553423649413,34346.88565857941
34,2015,103244.9999999993,0.2462242811789217,28730.265720515512,104050.9120879115,0.23921231774704133,27862.952115765074
40,2015,165745.0000000028,0.43622001260739296,33327.16720288247,162390.36263736524,0.48992003169689724,30655.27372214757
41,2015,115007.61538461968,0.361996370307196,36283.14578438457,111475.23076923471,0.41966175110927395,32733.864877927117
42,2015,161978.61538461968,0.4375853737850548,40904.20659790374,157919.21978022344,0.4956961194023961,36710.60271508247
43,2015,136065.30769230728,0.38781185768549165,32428.72179226298,136503.93406593357,0.4441006548220372,29863.034447080456
44,2015,155887.9230769244,0.40377616939217376,36863.23818103783,154010.0384615399,0.4510854108494726,33731.986841267906
45,2015,95862.46153846197,0.38599372336182114,38853.37745582312,95106.57142857206,0.4210978371673093,35939.33867906686
46,2015,116026.30769230658,0.332939698638512,39802.117567616515,116970.17032966926,0.3757886135997808,37215.5100482665
47,2015,191641.99999999814,0.3455114000715014,54928.871170507744,193120.53846153663,0.3755217513371889,51562.11246567499
48,2015,138934.46153846197,0.40349737281727016,50350.841436812654,137529.84065934084,0.45701960227920324,46245.742283326574
49,2015,145228.76923077088,0.40324584439716205,37694.36230177339,143601.01098901266,0.43981768034670665,35319.94333832804
50,2015,99026.30769230658,0.44818827818598095,41328.776197364554,100098.0934065925,0.47736809886875875,39181.53965085745
52,2015,146328.69230769225,0.3658455764346158,47394.44102980383,146326.17032967036,0.39080880324638656,44577.20175714698
60,2015,109714.5384615399,0.44029292722882474,29490.958828799892,106861.21978022158,0.4416991204557612,27700.67223861115
61,2015,3858.691142191179,0.4238918991121494,31878.40304411389,4150.740093240165,0.4615771700219966,29534.050073254853
62,2015,290695.5384615455,0.46996920631999295,25924.18305867538,283409.2032967098,0.4743234769846669,24617.485576724634
63,2015,203222.30769231077,0.4380134698959921,29081.282233094797,199238.0549450582,0.4752732746861028,27911.45559001295
66,2015,269677.9230769295,0.43405836622148897,27170.429121993482,264203.1428571511,0.4225059746698143,26203.679594985908
67,2015,234099.53846154548,0.4533696729689325,32970.71482648654,226884.53296704032,0.5109689066627112,31007.855636250228
68,2015,233687.53846154362,0.46637105740020957,27845.177786568413,228161.56593407132,0.4796230840525446,26828.88406346063
69,2015,130398.38461538637,0.4469928090910571,33221.427897768095,128531.46703296853,0.48932514540651084,30832.611937677488
70,2015,207736.15384615771,0.43954650732895595,27123.527883446077,203049.43956044316,0.4394774483619007,26130.793565382017
71,2015,134743.15384615492,0.4709320297697417,31084.94710432645,132385.71428571548,0.5222653729393585,29238.009880974423
72,2015,172823.61538462155,0.43098313093337826,30671.05305737222,166935.31318681873,0.43434544688961996,30259.223617762094
73,2015,199940.9230769314,0.47877648076475765,32209.227199914865,189618.7802197896,0.5078971750072228,29717.95050986111
75,2015,251143.15384615678,0.3526950061167202,33456.87954202574,248573.99450549763,0.3597719605607814,31400.78821478039
76,2015,87496.0000000028,0.45116012911599945,31364.39644518285,85406.50549450796,0.4533607444667549,31981.323298647767
77,2015,182942.76923077554,0.5162736294355454,30277.295341711957,174615.5000000056,0.5473808849321316,28817.480226566084
78,2015,189657.76923077554,0.49688498722121466,30555.543766288378,181740.95054945722,0.5082167338507624,30717.861561586207
79,2015,179257.53846154548,0.5508042260370303,26329.53960311506,174344.97252747975,0.5739066801009756,24937.586812257767
81,2015,164263.23076923564,0.5769496908519471,26218.806885231286,158064.28571429104,0.5881523098321537,24627.41871220991
83,2015,202207.61538462155,0.5273004493629314,26060.769778426737,195883.18131868728,0.5261178493758407,24602.053480329923
84,2015,137994.30769230984,0.37736976667372346,36445.51035834337,136297.42307692533,0.3911494422155144,37559.85008382751
88,2015,152668.69230769388,0.46559573327012416,28060.48193598744,147298.0109890122,0.47448403628734326,27991.441309939357
90,2015,189129.23076923564,0.45250283260303803,29458.67067258444,181829.4560439624,0.4310158926938854,28987.961905451957
94,2015,90316.92307692952,0.39207116335114733,30244.33631998126,85150.79670330323,0.3658476488633866,30362.480799291137
100,2015,27153.461538460106,0.6297498519626501,25009.42570519942,29125.83516483335,0.6253822705710341,24837.541992543032
101,2015,39026.07692307697,0.3996827639833995,31126.60078023793,38980.40109890118,0.42167629471387613,30155.386931095505
102,2015,146643.7692307569,0.43040658940745935,31760.33628650289,159916.2857142724,0.43487965055821043,30638.103590863757
103,2015,81573.9999999851,0.7018436416867129,26965.43960350007,90849.51098899543,0.7058875375410754,25859.628815765027
104,2015,147481.6923076883,0.6218200559602707,27801.119638733217,156590.90659340099,0.6028494582765092,27410.15806402394
105,2015,215061.53846153244,0.45796251210125405,32538.73589119478,224297.8186813146,0.46789719319671264,31551.76038752962
106,2015,90915.6153846085,0.4908058647309481,29875.63185044285,99722.28571427986,0.5030217617482293,28743.075837886427
107,2015,90422.53846153244,0.7021772716137491,26490.738400645554,99430.85164834559,0.6894939184945521,26224.93142792571
108,2015,66756.92307691462,0.6206556252155941,28210.49413160677,74052.54945054092,0.612529231145384,27242.230822312646
109,2015,119424.1538461335,0.6906643694948027,25789.174230612232,133367.0439560227,0.6825972069719999,25465.538678390323
110,2015,79449.84615384042,0.7658764727523621,26169.082532164874,88073.71978021413,0.7577769957576113,25289.741407938767
111,2015,98080.38461537473,0.523363538517323,29373.473453004844,104793.25274724327,0.4974298890647546,28773.755296346266
112,2015,55842.61538461223,0.7632011465945361,26974.267980613502,62313.39560439065,0.7494021435416904,26961.52360220337
114,2015,132234.23076922074,0.4385532783330709,34342.38624843606,142652.34065933153,0.43788241050829557,33567.1156736291
115,2015,65932.53846153058,0.5859195732437108,26537.24378490704,73918.16483515687,0.5949233117582473,25534.596137834946
120,2015,77640.23076922074,0.13928431442692712,30228.64818295627,86777.8241758123,0.14695491501166025,29897.125760268536
121,2015,67431.1538461484,0.25247599220451633,30096.309004179493,77368.34065933153,0.24735423219442687,29934.618387158436
122,2015,74501.69230768085,0.1437581065223199,32581.06902725203,84262.80219778791,0.13829593324921952,31280.494453283958
123,2015,30407.692307688296,0.18454116786290164,31457.761858802638,34887.780219776556,0.17692214520074145,30997.04851230979
1,2016,98855.52197802346,0.3295096579097425,43579.11144829169,97299.30769230891,0.323281650383203,47969.428569789976
5,2016,99108.04395604425,0.3004080351500811,41895.29256642237,98571.2307692311,0.3088298841608079,45151.0775705846
6,2016,94177.20879121125,0.38492025273741604,48357.74711707421,91818.23076923378,0.3655038998283331,52917.37713799067
7,2016,87289.31868131849,0.20682706326587663,43104.90965427831,87395.1538461537,0.2265459978834201,45782.370365039445
9,2016,120694.41758241807,0.3059415262041263,41852.50009913463,119875.07692307746,0.30005071932388994,45717.86190789193
10,2016,71958.49450549297,0.391159596853182,49722.00619060639,73487.15384615259,0.3804188217158,52545.861291849986
13,2016,127142.59340659529,0.3900409098405859,44109.84400473535,124996.00000000186,0.3728864899074722,48343.20265439339
14,2016,80787.4670329662,0.44941594485543845,48330.23978916928,82275.46153846057,0.43060267476343483,52780.68571666628
17,2016,75029.9560439554,0.4156239912648303,52608.96499541961,75814.6153846148,0.3925165355156963,58592.70591313951
18,2016,100105.88461538311,0.44599843919460724,50937.24274714012,103313.23076922912,0.435548124300702,53828.2067232104
19,2016,181264.6978021944,0.34969964547759336,55598.08574901335,184616.15384615026,0.34821528199800067,58735.25041269697
20,2016,79659.30219780223,0.36755096894671624,47630.3959393152,79419.9230769233,0.38963915999778465,48609.210289853625
22,2016,135141.80219780095,0.3800048244346428,49848.12750680139,137744.61538461316,0.39740761393339596,51170.569674163125
23,2016,113508.77472527442,0.38882742235557544,48221.38647559844,114123.07692307653,0.4235261237900829,46403.189790430944
24,2016,118557.40659340727,0.4017930390281492,49661.9232196142,117763.5384615392,0.4370798632758124,48474.70255907951
25,2016,115895.35714285797,0.38361534445279233,50716.41661285516,114847.0769230777,0.4299397265274223,47512.762046589516
26,2016,87328.32417582415,0.40870320224972545,43631.39772953745,87401.99999999991,0.44326124829008506,41272.372096187435
28,2016,113926.73626373656,0.39574376849432724,46250.68702775519,113796.38461538474,0.4382039131135542,43758.606378848664
30,2016,62819.0054945061,0.4059849620355962,42198.76975963637,62187.84615384694,0.4298102478808872,40009.51663877722
32,2016,94311.75274725351,0.37274471919646146,46629.49905092083,92580.69230769342,0.4049473790961997,43695.211767703295
33,2016,93339.29670329741,0.2821368199080249,38142.79699779907,92313.76923077018,0.2821411770722595,36244.84132818924
34,2016,102439.08791208686,0.2532362446108021,29597.579325265717,103244.9999999993,0.2462242811789217,28730.265720515512
40,2016,169099.63736264035,0.3825199935178887,35999.06068361644,165745.0000000028,0.43622001260739296,33327.16720288247
41,2016,118540.00000000373,0.30433098950513227,39832.426690842956,115007.61538461968,0.361996370307196,36283.14578438457
42,2016,166038.010989015,0.3794746281677277,45097.81048072502,161978.61538461968,0.4375853737850548,40904.20659790374
43,2016,135626.68131868087,0.3315230605489603,34994.4091374455,136065.30769230728,0.38781185768549165,32428.72179226298
44,2016,157765.8076923089,0.3564669279348749,39994.48952080868,155887.9230769244,0.40377616939217376,36863.23818103783
45,2016,96618.35164835211,0.35088960955631876,41767.41623257846,95862.46153846197,0.38599372336182114,38853.37745582312
46,2016,115082.44505494414,0.29009078367722907,42388.7250869656,116026.30769230658,0.332939698638512,39802.117567616515
47,2016,190163.4615384601,0.31550104880581387,58295.6298753405,191641.99999999814,0.3455114000715014,54928.871170507744
48,2016,140339.08241758263,0.3499751433553371,54455.940590298735,138934.46153846197,0.40349737281727016,50350.841436812654
49,2016,146856.52747252956,0.36667400844761744,40068.78126521874,145228.76923077088,0.40324584439716205,37694.36230177339
50,2016,97954.52197802113,0.41900845750320315,43476.01274387259,99026.30769230658,0.44818827818598095,41328.776197364554
52,2016,146331.21428571417,0.340882349622845,50211.68030245975,146328.69230769225,0.3658455764346158,47394.44102980383
60,2016,112567.8571428582,0.4388867340018887,31281.245418988634,109714.5384615399,0.44029292722882474,29490.958828799892
61,2016,3566.642191142193,0.3862066282023022,34222.756014972925,3858.691142191179,0.4238918991121494,31878.40304411389
62,2016,297981.87362638116,0.465614935655319,27230.880540626124,290695.5384615455,0.46996920631999295,25924.18305867538
63,2016,207206.56043956336,0.4007536651058672,30251.108876176644,203222.30769231077,0.4380134698959921,29081.282233094797
66,2016,275152.7032967098,0.4456107577731636,28137.17864900129,269677.9230769295,0.43405836622148897,27170.429121993482
67,2016,241314.54395605065,0.39577043927513955,34933.57401672285,234099.53846154548,0.4533696729689325,32970.71482648654
68,2016,239213.51098901592,0.4531190307478745,28861.471509676194,233687.53846154362,0.46637105740020957,27845.177786568413
69,2016,132265.30219780374,0.40466047277558914,35610.243857859634,130398.38461538637,0.4469928090910571,33221.427897768095
70,2016,212422.8681318704,0.43961556629601106,28116.262201510137,207736.15384615771,0.43954650732895595,27123.527883446077
71,2016,137100.59340659436,0.4195986866001391,32931.88432767801,134743.15384615492,0.4709320297697417,31084.94710432645
72,2016,178711.9175824225,0.42762081497713744,31082.88249698223,172823.61538462155,0.43098313093337826,30671.05305737222
73,2016,210263.0659340769,0.44965578652229254,34700.50388996769,199940.9230769314,0.47877648076475765,32209.227199914865
75,2016,253712.31318681687,0.3456180516726608,35512.97086927062,251143.15384615678,0.3526950061167202,33456.87954202574
76,2016,89585.49450549763,0.448959513765244,30747.469591718167,87496.0000000028,0.45116012911599945,31364.39644518285
77,2016,191270.03846154362,0.48516637393895934,31737.11045685783,182942.76923077554,0.5162736294355454,30277.295341711957
78,2016,197574.58791209385,0.48555324059166693,30393.22597099055,189657.76923077554,0.49688498722121466,30555.543766288378
79,2016,184170.1043956112,0.5277017719730921,27721.492393972818,179257.53846154548,0.5508042260370303,26329.53960311506
81,2016,170462.17582418025,0.5657470718717406,27810.195058252197,164263.23076923564,0.5769496908519471,26218.806885231286
83,2016,208532.04945055582,0.5284830493500221,27519.48607652355,202207.61538462155,0.5273004493629314,26060.769778426737
84,2016,139691.19230769435,0.3635900911319325,35331.17063285969,137994.30769230984,0.37736976667372346,36445.51035834337
88,2016,158039.37362637557,0.4567074302529015,28129.52256203555,152668.69230769388,0.46559573327012416,28060.48193598744
90,2016,196429.00549451075,0.47398977251218355,29929.379439716926,189129.23076923564,0.45250283260303803,29458.67067258444
94,2016,95483.04945055582,0.41829467783890806,30126.19184067141,90316.92307692952,0.39207116335114733,30244.33631998126
100,2016,25181.087912086397,0.6341174333542678,25181.309417855868,27153.461538460106,0.6297498519626501,25009.42570519942
101,2016,39071.75274725275,0.37768923325293,32097.814629380126,39026.07692307697,0.3996827639833995,31126.60078023793
102,2016,133371.2527472414,0.42593352825671005,32882.568982142024,146643.7692307569,0.43040658940745935,31760.33628650289
103,2016,72298.48901097476,0.6977997458323504,28071.25039123511,81573.9999999851,0.7018436416867129,26965.43960350007
104,2016,138372.4780219756,0.6407906536440322,28192.081213442376,147481.6923076883,0.6218200559602707,27801.119638733217
105,2016,205825.25824175403,0.44802783100579546,33525.71139485971,215061.53846153244,0.45796251210125405,32538.73589119478
106,2016,82108.94505494088,0.4785899677136669,31008.187862998806,90915.6153846085,0.4908058647309481,29875.63185044285
107,2016,81414.2252747193,0.7148606247329461,26756.5453733654,90422.53846153244,0.7021772716137491,26490.738400645554
108,2016,59461.29670328833,0.6287820192858042,29178.757440900663,66756.92307691462,0.6206556252155941,28210.49413160677
109,2016,105481.26373624429,0.6987315320176055,26112.80978283414,119424.1538461335,0.6906643694948027,25789.174230612232
110,2016,70825.97252746671,0.7739759497471166,27048.423656390747,79449.84615384042,0.7658764727523621,26169.082532164874
111,2016,91367.51648350805,0.5492971879698842,29973.191609663656,98080.38461537473,0.523363538517323,29373.473453004844
112,2016,49371.83516483195,0.7770001496473817,26987.01235902363,55842.61538461223,0.7632011465945361,26974.267980613502
114,2016,121816.12087911367,0.4392241461578462,35117.65682324325,132234.23076922074,0.4385532783330709,34342.38624843606
115,2016,57946.91208790429,0.5769158347291778,27539.891431978904,65932.53846153058,0.5859195732437108,26537.24378490704
120,2016,68502.63736262545,0.131613713842194,30560.170605644,77640.23076922074,0.13928431442692712,30228.64818295627
121,2016,57493.96703296155,0.257597752214604,30257.99962120055,67431.1538461484,0.25247599220451633,30096.309004179493
122,2016,64740.582417570055,0.14922027979542207,33881.643601219635,74501.69230768085,0.1437581065223199,32581.06902725203
123,2016,25927.6043956019,0.19216019052506184,31918.475205295486,30407.692307688296,0.18454116786290164,31457.761858802638
1,2017,100411.73626373755,0.33573766543628203,39188.794326795265,98855.52197802346,0.3295096579097425,43579.11144829169
5,2017,99644.85714285739,0.29198618613935423,38639.50756226014,99108.04395604425,0.3004080351500811,41895.29256642237
6,2017,96536.18681318872,0.4043366056465061,43798.11709615961,94177.20879121125,0.38492025273741604,48357.74711707421
7,2017,87183.48351648328,0.18710812864832604,40427.44894351717,87289.31868131849,0.20682706326587663,43104.90965427831
9,2017,121513.75824175868,0.31183233308436087,37987.1382903764,120694.41758241807,0.3059415262041263,41852.50009913463
10,2017,70429.83516483381,0.4019003719905605,46898.15108936373,71958.49450549297,0.391159596853182,49722.00619060639
13,2017,129289.18681318872,0.40719532977369965,39876.48535507731,127142.59340659529,0.3900409098405859,44109.84400473535
14,2017,79299.4725274723,0.4682292149474421,43879.79386167042,80787.4670329662,0.44941594485543845,48330.23978916928
17,2017,74245.29670329625,0.43873144701396427,46625.224077699706,75029.9560439554,0.4156239912648303,52608.96499541961
18,2017,96898.53846153803,0.45644875408851604,48046.27877106983,100105.88461538311,0.44599843919460724,50937.24274714012
19,2017,177913.24175823852,0.35118400895718604,52460.921085329726,181264.6978021944,0.34969964547759336,55598.08574901335
20,2017,79898.68131868122,0.34546277789564783,46651.58158877678,79659.30219780223,0.36755096894671624,47630.3959393152
22,2017,132538.9890109878,0.3626020349358967,48525.685339440126,135141.80219780095,0.3800048244346428,49848.12750680139
23,2017,112894.4725274723,0.35412872092108216,50039.5831607664,113508.77472527442,0.38882742235557544,48221.38647559844
24,2017,119351.27472527511,0.3665062147805003,50849.14388014935,118557.40659340727,0.4017930390281492,49661.9232196142
25,2017,116943.63736263826,0.33729096237816236,53920.0711791208,115895.35714285797,0.38361534445279233,50716.41661285516
26,2017,87254.64835164839,0.3741451562093516,45990.423362888396,87328.32417582415,0.40870320224972545,43631.39772953745
28,2017,114057.08791208838,0.35328362387511447,48742.767676662654,113926.73626373656,0.39574376849432724,46250.68702775519
30,2017,63450.164835165255,0.3821596761903123,44388.022880495526,62819.0054945061,0.4059849620355962,42198.76975963637
32,2017,96042.81318681408,0.3405420592967232,49563.786334139295,94311.75274725351,0.37274471919646146,46629.49905092083
33,2017,94364.82417582441,0.28213246274379034,40040.7526674089,93339.29670329741,0.2821368199080249,38142.79699779907
34,2017,101633.17582417466,0.2602482080426807,30464.89293001592,102439.08791208686,0.2532362446108021,29597.579325265717
40,2017,172454.27472527698,0.3288199744283844,38670.95416435134,169099.63736264035,0.3825199935178887,35999.06068361644
41,2017,122072.3846153887,0.24666560870305432,43381.70759730041,118540.00000000373,0.30433098950513227,39832.426690842956
42,2017,170097.40659341123,0.3213638825504006,49291.41436354816,166038.010989015,0.3794746281677277,45097.81048072502
43,2017,135188.05494505458,0.27523426341242896,37560.09648262896,135626.68131868087,0.3315230605489603,34994.4091374455
44,2017,159643.69230769342,0.309157686477576,43125.740860578604,157765.8076923089,0.3564669279348749,39994.48952080868
45,2017,97374.24175824225,0.3157854957508306,44681.45500933472,96618.35164835211,0.35088960955631876,41767.41623257846
46,2017,114138.58241758146,0.2472418687159461,44975.33260631561,115082.44505494414,0.29009078367722907,42388.7250869656
47,2017,188684.92307692207,0.28549069754012635,61662.388580174185,190163.4615384601,0.31550104880581387,58295.6298753405
48,2017,141743.70329670375,0.296452913893404,58561.039743784815,140339.08241758263,0.3499751433553371,54455.940590298735
49,2017,148484.28571428778,0.33010217249807283,42443.20022866409,146856.52747252956,0.36667400844761744,40068.78126521874
50,2017,96882.73626373522,0.38982863682042534,45623.24929038063,97954.52197802113,0.41900845750320315,43476.01274387259
52,2017,146333.73626373606,0.31591912281107426,53028.919575115666,146331.21428571417,0.340882349622845,50211.68030245975
60,2017,115421.17582417745,0.43748054077495224,33071.532009177376,112567.8571428582,0.4388867340018887,31281.245418988634
61,2017,3274.593240093207,0.3485213572924408,36567.10898583196,3566.642191142193,0.3862066282023022,34222.756014972925
62,2017,305268.208791215,0.461260664990645,28537.57802257687,297981.87362638116,0.465614935655319,27230.880540626124
63,2017,211190.81318681594,0.36349386031574227,31420.935519258957,207206.56043956336,0.4007536651058672,30251.108876176644
66,2017,280627.4835164901,0.4571631493248347,29103.928176008863,275152.7032967098,0.4456107577731636,28137.17864900129
67,2017,248529.54945055582,0.3381712055813466,36896.43320695916,241314.54395605065,0.39577043927513955,34933.57401672285
68,2017,244739.48351648822,0.439867004095543,29877.765232784208,239213.51098901592,0.4531190307478745,28861.471509676194
69,2017,134132.21978022158,0.3623281364601354,37999.05981795024,132265.30219780374,0.40466047277558914,35610.243857859634
70,2017,217109.58241758496,0.4396846252630663,29108.996519574197,212422.8681318704,0.43961556629601106,28116.262201510137
71,2017,139458.0329670338,0.3682653434305223,34778.82155102957,137100.59340659436,0.4195986866001391,32931.88432767801
72,2017,184600.2197802253,0.42425849902089663,31494.711936592357,178711.9175824225,0.42762081497713744,31082.88249698223
73,2017,220585.2087912187,0.42053509227982744,37191.78058002051,210263.0659340769,0.44965578652229254,34700.50388996769
75,2017,256281.47252747603,0.3385410972285996,37569.0621965155,253712.31318681687,0.3456180516726608,35512.97086927062
76,2017,91674.98901099153,0.44675889841448857,30130.542738253484,89585.49450549763,0.448959513765244,30747.469591718167
77,2017,199597.3076923117,0.4540591184423661,33196.92557200417,191270.03846154362,0.48516637393895934,31737.11045685783
78,2017,205491.40659341216,0.4742214939621192,30230.90817569272,197574.58791209385,0.48555324059166693,30393.22597099055
79,2017,189082.67032967694,0.5045993179091539,29113.44518483011,184170.1043956112,0.5277017719730921,27721.492393972818
81,2017,176661.12087912485,0.554544452891534,29401.583231273573,170462.17582418025,0.5657470718717406,27810.195058252197
83,2017,214856.4835164901,0.5296656493371128,28978.202374620363,208532.04945055582,0.5284830493500221,27519.48607652355
84,2017,141388.07692307886,0.3498104155901416,34216.83090737602,139691.19230769435,0.3635900911319325,35331.17063285969
88,2017,163410.05494505726,0.44781912723567885,28198.56318808366,158039.37362637557,0.4567074302529015,28129.52256203555
90,2017,203728.780219784,0.4954767124213362,30400.08820684941,196429.00549451075,0.47398977251218355,29929.379439716926
94,2017,100649.17582418211,0.4445181923266688,30008.04736136156,95483.04945055582,0.41829467783890806,30126.19184067141
100,2017,23208.714285713155,0.6384850147458838,25353.193130512256,25181.087912086397,0.6341174333542678,25181.309417855868
101,2017,39117.42857142853,0.3556957025224605,33069.02847852232,39071.75274725275,0.37768923325293,32097.814629380126
102,2017,120098.7362637259,0.42146046710595897,34004.80167778069,133371.2527472414,0.42593352825671005,32882.568982142024
103,2017,63022.97802196443,0.6937558499779879,29177.061178969685,72298.48901097476,0.6977997458323504,28071.25039123511
104,2017,129263.26373625919,0.6597612513278008,28583.04278815165,138372.4780219756,0.6407906536440322,28192.081213442376
105,2017,196588.9780219756,0.43809314991034043,34512.68689852487,205825.25824175403,0.44802783100579546,33525.71139485971
106,2017,73302.27472526953,0.4663740706963857,32140.74387555523,82108.94505494088,0.4785899677136669,31008.187862998806
107,2017,72405.91208790615,0.7275439778521431,27022.352346085245,81414.2252747193,0.7148606247329461,26756.5453733654
108,2017,52165.67032966204,0.6369084133560108,30147.020750194788,59461.29670328833,0.6287820192858042,29178.757440900663
109,2017,91538.37362635508,0.7067986945404083,26436.44533505605,105481.26373624429,0.6987315320176055,26112.80978283414
110,2017,62202.098901093006,0.782075426741871,27927.764780616853,70825.97252746671,0.7739759497471166,27048.423656390747
111,2017,84654.64835163951,0.5752308374224455,30572.909766322235,91367.51648350805,0.5492971879698842,29973.191609663656
112,2017,42901.05494505167,0.7907991527002309,26999.75673743376,49371.83516483195,0.7770001496473817,26987.01235902363
114,2017,111398.01098900288,0.43989501398262154,35892.927398050204,121816.12087911367,0.4392241461578462,35117.65682324325
115,2017,49961.285714278,0.5679120962146449,28542.539079050766,57946.91208790429,0.5769158347291778,27539.891431978904
120,2017,59365.043956033885,0.12394311325746088,30891.693028331734,68502.63736262545,0.131613713842194,30560.170605644
121,2017,47556.78021977469,0.2627195122246935,30419.690238221607,57493.96703296155,0.257597752214604,30257.99962120055
122,2017,54979.472527459264,0.15468245306852424,35182.21817518724,64740.582417570055,0.14922027979542207,33881.643601219635
123,2017,21447.51648351364,0.19977921318722203,32379.188551788335,25927.6043956019,0.19216019052506184,31918.475205295486
1,2018,101967.9505494521,0.34196567296282154,34798.47720529698,100411.73626373755,0.33573766543628203,39188.794326795265
5,2018,100181.67032967054,0.28356433712863094,35383.722558098845,99644.85714285739,0.29198618613935423,38639.50756226014
6,2018,98895.16483516712,0.42375295855559614,39238.487075243145,96536.18681318872,0.4043366056465061,43798.11709615961
7,2018,87077.64835164807,0.16738919403078256,37749.98823275603,87183.48351648328,0.18710812864832604,40427.44894351717
9,2018,122333.09890109953,0.3177231399645972,34121.77648161817,121513.75824175868,0.31183233308436087,37987.1382903764
10,2018,68901.17582417466,0.412641147127939,44074.29598812014,70429.83516483381,0.4019003719905605,46898.15108936373
13,2018,131435.7802197812,0.4243497497068205,35643.12670541927,129289.18681318872,0.40719532977369965,39876.48535507731
14,2018,77811.47802197793,0.4870424850394386,39429.34793417156,79299.4725274723,0.4682292149474421,43879.79386167042
17,2018,73460.63736263686,0.46183890276309825,40641.48315998167,74245.29670329625,0.43873144701396427,46625.224077699706
18,2018,93691.19230769202,0.46689906898242484,45155.31479499955,96898.53846153803,0.45644875408851604,48046.27877106983
19,2018,174561.78571428265,0.35266837243677873,49323.7564216461,177913.24175823852,0.35118400895718604,52460.921085329726
20,2018,80138.06043956021,0.3233745868445794,45672.76723823859,79898.68131868122,0.34546277789564783,46651.58158877678
22,2018,129936.17582417466,0.34519924543715064,47203.24317207839,132538.9890109878,0.3626020349358967,48525.685339440126
23,2018,112280.17032966996,0.3194300194865747,51857.779845933896,112894.4725274723,0.35412872092108216,50039.5831607664
24,2018,120145.14285714296,0.3312193905328371,52036.36454068404,119351.27472527511,0.3665062147805003,50849.14388014935
25,2018,117991.91758241854,0.2909665803035324,57123.725745386444,116943.63736263826,0.33729096237816236,53920.0711791208
26,2018,87180.97252747262,0.339587110168992,48349.44899623934,87254.64835164839,0.3741451562093516,45990.423362888396
28,2018,114187.43956044014,0.3108234792559017,51234.84832556918,114057.08791208838,0.35328362387511447,48742.767676662654
30,2018,64081.32417582441,0.35833439034502135,46577.27600135468,63450.164835165255,0.3821596761903123,44388.022880495526
32,2018,97773.87362637417,0.30833939939698496,52498.07361735683,96042.81318681408,0.3405420592967232,49563.786334139295
33,2018,95390.35164835164,0.28212810557955575,41938.70833701873,94364.82417582441,0.28213246274379034,40040.7526674089
34,2018,100827.26373626245,0.26726017147456105,31332.206534766126,101633.17582417466,0.2602482080426807,30464.89293001592
40,2018,175808.91208791453,0.27511995533889433,41342.847645086236,172454.27472527698,0.3288199744283844,38670.95416435134
41,2018,125604.76923077274,0.18900022790097637,46930.988503758796,122072.3846153887,0.24666560870305432,43381.70759730041
42,2018,174156.80219780654,0.2632531369330593,53485.01824636944,170097.40659341123,0.3213638825504006,49291.41436354816
43,2018,134749.42857142817,0.21894546627589762,40125.78382781148,135188.05494505458,0.27523426341242896,37560.09648262896
44,2018,161521.57692307793,0.26184844502027715,46256.99220034946,159643.69230769342,0.309157686477576,43125.740860578604
45,2018,98130.13186813239,0.2806813819453282,47595.493786090985,97374.24175824225,0.3157854957508306,44681.45500933472
46,2018,113194.71978021902,0.20439295375466315,47561.94012566563,114138.58241758146,0.2472418687159461,44975.33260631561
47,2018,187206.38461538358,0.2554803462744317,65029.14728500694,188684.92307692207,0.28549069754012635,61662.388580174185
48,2018,143148.32417582488,0.2429306844314567,62666.138897269964,141743.70329670375,0.296452913893404,58561.039743784815
49,2018,150112.043956046,0.2935303365485282,44817.61919210944,148484.28571428778,0.33010217249807283,42443.20022866409
50,2018,95810.95054944977,0.36064881613764044,47770.48583688866,96882.73626373522,0.38982863682042534,45623.24929038063
52,2018,146336.25824175795,0.2909558959993106,55846.158847772516,146333.73626373606,0.31591912281107426,53028.919575115666
60,2018,118274.49450549576,0.4360743475480162,34861.81859936612,115421.17582417745,0.43748054077495224,33071.532009177376
61,2018,2982.5442890443373,0.31083608638259363,38911.461956691,3274.593240093207,0.3485213572924408,36567.10898583196
62,2018,312554.54395605065,0.4569063943259728,29844.275504527614,305268.208791215,0.461260664990645,28537.57802257687
63,2018,215175.06593406945,0.32623405552561735,32590.762162340805,211190.81318681594,0.36349386031574227,31420.935519258957
66,2018,286102.26373627037,0.46871554087650935,30070.677703016438,280627.4835164901,0.4571631493248347,29103.928176008863
67,2018,255744.55494506098,0.2805719718875537,38859.29239719594,248529.54945055582,0.3381712055813466,36896.43320695916
68,2018,250265.45604396053,0.426614977443208,30894.05895589199,244739.48351648822,0.439867004095543,29877.765232784208
69,2018,135999.13736263895,0.31999580014466744,40387.87577804085,134132.21978022158,0.3623281364601354,37999.05981795024
70,2018,221796.2967032995,0.4397536842301214,30101.730837638257,217109.58241758496,0.4396846252630663,29108.996519574197
71,2018,141815.47252747323,0.3169320002609197,36625.75877438113,139458.0329670338,0.3682653434305223,34778.82155102957
72,2018,190488.52197802626,0.4208961830646549,31906.541376202484,184600.2197802253,0.42425849902089663,31494.711936592357
73,2018,230907.3516483605,0.39141439803736944,39683.05727007426,220585.2087912187,0.42053509227982744,37191.78058002051
75,2018,258850.63186813518,0.3314641427845384,39625.15352376085,256281.47252747603,0.3385410972285996,37569.0621965155
76,2018,93764.48351648636,0.44455828306373313,29513.6158847888,91674.98901099153,0.44675889841448857,30130.542738253484
77,2018,207924.5769230798,0.42295186294578,34656.74068715004,199597.3076923117,0.4540591184423661,33196.92557200417
78,2018,213408.22527473047,0.4628897473325715,30068.59038039489,205491.40659341216,0.4742214939621192,30230.90817569272
79,2018,193995.23626374267,0.48149686384521573,30505.397975687403,189082.67032967694,0.5045993179091539,29113.44518483011
81,2018,182860.06593406945,0.5433418339113274,30992.97140429495,176661.12087912485,0.554544452891534,29401.583231273573
83,2018,221180.9175824225,0.5308482493242035,30436.91867271671,214856.4835164901,0.5296656493371128,28978.202374620363
84,2018,143084.96153846337,0.33603074004835065,33102.49118189234,141388.07692307886,0.3498104155901416,34216.83090737602
88,2018,168780.73626373708,0.4389308242184562,28267.60381413177,163410.05494505726,0.44781912723567885,28198.56318808366
90,2018,211028.55494505912,0.5169636523304817,30870.79697398201,203728.780219784,0.4954767124213362,30400.08820684941
94,2018,105815.3021978084,0.4707417068144295,29889.902882051712,100649.17582418211,0.4445181923266688,30008.04736136156
100,2018,21236.340659339447,0.6428525961375016,25525.076843168703,23208.714285713155,0.6384850147458838,25353.193130512256
101,2018,39163.10439560431,0.3337021717919839,34040.242327664746,39117.42857142853,0.3556957025224605,33069.02847852232
102,2018,106826.2197802104,0.41698740595520967,35127.034373419825,120098.7362637259,0.42146046710595897,34004.80167778069
103,2018,53747.46703295037,0.6897119541236254,30282.871966704726,63022.97802196443,0.6937558499779879,29177.061178969685
104,2018,120154.0494505465,0.6787318490115624,28974.004362860927,129263.26373625919,0.6597612513278008,28583.04278815165
105,2018,187352.69780219346,0.42815846881488184,35499.662402190035,196588.9780219756,0.43809314991034043,34512.68689852487
106,2018,64495.6043956019,0.45415817367910094,33273.29988811165,73302.27472526953,0.4663740706963857,32140.74387555523
107,2018,63397.598901093006,0.7402273309713436,27288.159318805207,72405.91208790615,0.7275439778521431,27022.352346085245
108,2018,44870.04395603575,0.6450348074262209,31115.284059488913,52165.67032966204,0.6369084133560108,30147.020750194788
109,2018,77595.48351646587,0.7148658570632112,26760.08088727796,91538.37362635508,0.7067986945404083,26436.44533505605
110,2018,53578.2252747193,0.7901749037366219,28807.105904842727,62202.098901093006,0.782075426741871,27927.764780616853
111,2018,77941.78021977283,0.6011644868750139,31172.627922980813,84654.64835163951,0.5752308374224455,30572.909766322235
112,2018,36430.27472527139,0.8045981557530766,27012.501115843887,42901.05494505167,0.7907991527002309,26999.75673743376
114,2018,100979.90109889209,0.44056588180739686,36668.19797285716,111398.01098900288,0.43989501398262154,35892.927398050204
115,2018,41975.659340651706,0.5589083577001119,29545.18672612263,49961.285714278,0.5679120962146449,28542.539079050766
120,2018,50227.45054944232,0.11627251267272598,31223.215451019467,59365.043956033885,0.12394311325746088,30891.693028331734
121,2018,37619.59340658784,0.26784127223478116,30581.380855242664,47556.78021977469,0.2627195122246935,30419.690238221607
122,2018,45218.3626373522,0.16014462634162463,36482.79274915485,54979.472527459264,0.15468245306852424,35182.21817518724
123,2018,16967.42857142538,0.20739823584938044,32839.90189828118,21447.51648351364,0.19977921318722203,32379.188551788335
1,2019,103524.16483516619,0.34819368048936283,30408.16008379869,101967.9505494521,0.34196567296282154,34798.47720529698
5,2019,100718.48351648368,0.2751424881179041,32127.937553936616,100181.67032967054,0.28356433712863094,35383.722558098845
6,2019,101254.14285714459,0.4431693114646791,34678.85705432668,98895.16483516712,0.42375295855559614,39238.487075243145
7,2019,86971.81318681283,0.14767025941323908,35072.527521994896,87077.64835164807,0.16738919403078256,37749.98823275603
9,2019,123152.43956044014,0.3236139468448318,30256.414672859944,122333.09890109953,0.3177231399645972,34121.77648161817
10,2019,67372.5164835155,0.423381922265321,41250.440886876546,68901.17582417466,0.412641147127939,44074.29598812014
13,2019,133582.37362637464,0.4415041696399342,31409.768055761233,131435.7802197812,0.4243497497068205,35643.12670541927
14,2019,76323.48351648403,0.5058557551314422,34978.902006672695,77811.47802197793,0.4870424850394386,39429.34793417156
17,2019,72675.9780219777,0.4849463585122322,34657.74224226177,73460.63736263686,0.46183890276309825,40641.48315998167
18,2019,90483.84615384694,0.4773493838763301,42264.350818930194,93691.19230769202,0.46689906898242484,45155.31479499955
19,2019,171210.32967032678,0.354152735916371,46186.59175796155,174561.78571428265,0.35266837243677873,49323.7564216461
20,2019,80377.4395604392,0.301286395793511,44693.95288770017,80138.06043956021,0.3233745868445794,45672.76723823859
22,2019,127333.36263736151,0.32779645593839746,45880.80100471713,129936.17582417466,0.34519924543715064,47203.24317207839
23,2019,111665.86813186784,0.2847313180520672,53675.97653110139,112280.17032966996,0.3194300194865747,51857.779845933896
24,2019,120939.0109890108,0.29593256628518816,53223.58520121919,120145.14285714296,0.3312193905328371,52036.36454068404
25,2019,119040.19780219882,0.24464219822890243,60327.38031165209,117991.91758241854,0.2909665803035324,57123.725745386444
26,2019,87107.29670329686,0.3050290641286324,50708.47462958936,87180.97252747262,0.339587110168992,48349.44899623934
28,2019,114317.79120879195,0.26836333463668893,53726.92897447571,114187.43956044014,0.3108234792559017,51234.84832556918
30,2019,64712.48351648357,0.33450910449973037,48766.5291222129,64081.32417582441,0.35833439034502135,46577.27600135468
32,2019,99504.93406593474,0.2761367394972467,55432.360900574364,97773.87362637417,0.30833939939698496,52498.07361735683
33,2019,96415.87912087888,0.2821237484153211,43836.66400662856,95390.35164835164,0.28212810557955575,41938.70833701873
34,2019,100021.35164835025,0.27427213490643965,32199.520139516564,100827.26373626245,0.26726017147456105,31332.206534766126
40,2019,179163.5494505521,0.22141993624939005,44014.741125821136,175808.91208791453,0.27511995533889433,41342.847645086236
41,2019,129137.15384615678,0.13133484709889842,50480.26941021625,125604.76923077274,0.18900022790097637,46930.988503758796
42,2019,178216.19780220184,0.2051423913157322,57678.62212919071,174156.80219780654,0.2632531369330593,53485.01824636944
43,2019,134310.80219780188,0.16265666913936627,42691.471172994,134749.42857142817,0.21894546627589762,40125.78382781148
44,2019,163399.46153846243,0.2145392035629783,49388.24354011938,161521.57692307793,0.26184844502027715,46256.99220034946
45,2019,98886.02197802253,0.24557726813984004,50509.53256284632,98130.13186813239,0.2806813819453282,47595.493786090985
46,2019,112250.85714285658,0.1615440387933802,50148.54764501471,113194.71978021902,0.20439295375466315,47561.94012566563
47,2019,185727.84615384554,0.2254699950087442,68395.9059898397,187206.38461538358,0.2554803462744317,65029.14728500694
48,2019,144552.94505494554,0.18940845496952363,66771.23805075604,143148.32417582488,0.2429306844314567,62666.138897269964
49,2019,151739.8021978042,0.2569585005989694,47192.038155554794,150112.043956046,0.2935303365485282,44817.61919210944
50,2019,94739.16483516432,0.33146899545486264,49917.72238339577,95810.95054944977,0.36064881613764044,47770.48583688866
52,2019,146338.78021977984,0.26599266918753983,58663.398120428436,146336.25824175795,0.2909558959993106,55846.158847772516
60,2019,121127.81318681408,0.4346681543210802,36652.10518955439,118274.49450549576,0.4360743475480162,34861.81859936612
61,2019,2690.4953379953513,0.27315081547274644,41255.81492755003,2982.5442890443373,0.31083608638259363,38911.461956691
62,2019,319840.8791208863,0.4525521236612988,31150.972986477893,312554.54395605065,0.4569063943259728,29844.275504527614
63,2019,219159.31868132204,0.28897425073549243,33760.58880542265,215175.06593406945,0.32623405552561735,32590.762162340805
66,2019,291577.04395605065,0.480267932428184,31037.42723002401,286102.26373627037,0.46871554087650935,30070.677703016438
67,2019,262959.56043956615,0.22297273819377494,40822.15158743225,255744.55494506098,0.2805719718875537,38859.29239719594
68,2019,255791.42857143283,0.41336295079087293,31910.35267899977,250265.45604396053,0.426614977443208,30894.05895589199
69,2019,137866.0549450568,0.2776634638292137,42776.69173813239,135999.13736263895,0.31999580014466744,40387.87577804085
70,2019,226483.01098901406,0.4398227431971766,31094.465155702317,221796.2967032995,0.4397536842301214,30101.730837638257
71,2019,144172.91208791267,0.26559865709131714,38472.69599773269,141815.47252747323,0.3169320002609197,36625.75877438113
72,2019,196376.82417582907,0.4175338671084141,32318.370815812494,190488.52197802626,0.4208961830646549,31906.541376202484
73,2019,241229.49450550228,0.36229370379490433,42174.333960127085,230907.3516483605,0.39141439803736944,39683.05727007426
75,2019,261419.79120879527,0.3243871883404772,41681.24485100573,258850.63186813518,0.3314641427845384,39625.15352376085
76,2019,95853.9780219812,0.4423576677129777,28896.689031323884,93764.48351648636,0.44455828306373313,29513.6158847888
77,2019,216251.84615384787,0.3918446074491939,36116.555802295916,207924.5769230798,0.42295186294578,34656.74068715004
78,2019,221325.0439560488,0.45155800070302377,29906.27258509706,213408.22527473047,0.4628897473325715,30068.59038039489
79,2019,198907.8021978084,0.45839440978127044,31897.350766544696,193995.23626374267,0.48149686384521573,30505.397975687403
81,2019,189059.01098901406,0.5321392149311208,32584.35957731586,182860.06593406945,0.5433418339113274,30992.97140429495
83,2019,227505.35164835677,0.5320308493112942,31895.634970813524,221180.9175824225,0.5308482493242035,30436.91867271671
84,2019,144781.84615384834,0.3222510645065597,31988.15145640867,143084.96153846337,0.33603074004835065,33102.49118189234
88,2019,174151.41758241877,0.4300425212012371,28336.64444017985,168780.73626373708,0.4389308242184562,28267.60381413177
90,2019,218328.32967033237,0.5384505922396272,31341.505741114495,211028.55494505912,0.5169636523304817,30870.79697398201
94,2019,110981.42857143469,0.49696522130219023,29771.758402741834,105815.3021978084,0.4707417068144295,29889.902882051712
100,2019,19263.967032966204,0.6472201775291175,25696.96055582509,21236.340659339447,0.6428525961375016,25525.076843168703
101,2019,39208.780219780085,0.3117086410615144,35011.45617680694,39163.10439560431,0.3337021717919839,34040.242327664746
102,2019,93553.7032966949,0.4125143448044586,36249.26706905896,106826.2197802104,0.41698740595520967,35127.034373419825
103,2019,44471.95604394004,0.6856680582692629,31388.682754439767,53747.46703295037,0.6897119541236254,30282.871966704726
104,2019,111044.83516483381,0.6977024466953239,29364.965937570087,120154.0494505465,0.6787318490115624,28974.004362860927
105,2019,178116.41758241504,0.41822378771942326,36486.6379058552,187352.69780219346,0.42815846881488184,35499.662402190035
106,2019,55688.934065930545,0.44194227666181973,34405.85590066807,64495.6043956019,0.45415817367910094,33273.29988811165
107,2019,54389.28571427986,0.7529106840905406,27553.966291525052,63397.598901093006,0.7402273309713436,27288.159318805207
108,2019,37574.41758241132,0.653161201496431,32083.547368782805,44870.04395603575,0.6450348074262209,31115.284059488913
109,2019,63652.59340657666,0.722933019586014,27083.71643949987,77595.48351646587,0.7148658570632112,26760.08088727796
110,2019,44954.35164834559,0.7982743807313764,29686.447029068833,53578.2252747193,0.7901749037366219,28807.105904842727
111,2019,71228.91208790429,0.6270981363275752,31772.346079639392,77941.78021977283,0.6011644868750139,31172.627922980813
112,2019,29959.49450549297,0.8183971588059258,27025.245494254017,36430.27472527139,0.8045981557530766,27012.501115843887
114,2019,90561.79120878503,0.4412367496321722,37443.46854766412,100979.90109889209,0.44056588180739686,36668.19797285716
115,2019,33990.032967025414,0.5499046191855754,30547.83437319449,41975.659340651706,0.5589083577001119,29545.18672612263
120,2019,41089.85714285076,0.10860191208799286,31554.737873707316,50227.45054944232,0.11627251267272598,31223.215451019467
121,2019,27682.406593400985,0.2729630322448706,30743.07147226372,37619.59340658784,0.26784127223478116,30581.380855242664
122,2019,35457.25274724141,0.1656067996147268,37783.36732312292,45218.3626373522,0.16014462634162463,36482.79274915485
123,2019,12487.340659338981,0.21501725851154063,33300.61524477403,16967.42857142538,0.20739823584938044,32839.90189828118
1,2020,105080.37912088074,0.35442168801590235,26017.842962300405,103524.16483516619,0.34819368048936283,30408.16008379869
5,2020,101255.29670329683,0.26672063910717725,28872.152549774386,100718.48351648368,0.2751424881179041,32127.937553936616
6,2020,103613.12087912299,0.46258566437376913,30119.22703341022,101254.14285714459,0.4431693114646791,34678.85705432668
7,2020,86865.97802197761,0.1279513247956956,32395.06681123376,86971.81318681283,0.14767025941323908,35072.527521994896
9,2020,123971.78021978075,0.32950475372506816,26391.052864102647,123152.43956044014,0.3236139468448318,30256.414672859944
10,2020,65843.85714285634,0.4341226974026995,38426.58578563295,67372.5164835155,0.423381922265321,41250.440886876546
13,2020,135728.96703296807,0.45865858957305505,27176.409406103194,133582.37362637464,0.4415041696399342,31409.768055761233
14,2020,74835.48901098967,0.5246690252234387,30528.456079173833,76323.48351648403,0.5058557551314422,34978.902006672695
17,2020,71891.31868131831,0.5080538142613662,28674.00132454373,72675.9780219777,0.4849463585122322,34657.74224226177
18,2020,87276.50000000093,0.4877996987702389,39373.38684285991,90483.84615384694,0.4773493838763301,42264.350818930194
19,2020,167858.8736263709,0.35563709939596366,43049.427094277926,171210.32967032678,0.354152735916371,46186.59175796155
20,2020,80616.8186813182,0.2791982047424426,43715.13853716175,80377.4395604392,0.301286395793511,44693.95288770017
22,2020,124730.54945054837,0.3103936664396514,44558.358837355394,127333.36263736151,0.32779645593839746,45880.80100471713
23,2020,111051.56593406573,0.2500326166175739,55494.173216268886,111665.86813186784,0.2847313180520672,53675.97653110139
24,2020,121732.87912087864,0.260645742037525,54410.80586175434,120939.0109890108,0.29593256628518816,53223.58520121919
25,2020,120088.4780219791,0.19831781615427246,63531.03487791773,119040.19780219882,0.24464219822890243,60327.38031165209
26,2020,87033.6208791211,0.2704710180882728,53067.5002629403,87107.29670329686,0.3050290641286324,50708.47462958936
28,2020,114448.14285714377,0.22590319001747616,56219.00962338224,114317.79120879195,0.26836333463668893,53726.92897447571
30,2020,65343.642857142724,0.3106838186544394,50955.782243072055,64712.48351648357,0.33450910449973037,48766.5291222129
32,2020,101235.99450549483,0.24393407959750846,58366.6481837919,99504.93406593474,0.2761367394972467,55432.360900574364
33,2020,97441.40659340611,0.28211939125108654,45734.61967623839,96415.87912087888,0.2821237484153211,43836.66400662856
34,2020,99215.43956043781,0.28128409833832,33066.83374426677,100021.35164835025,0.27427213490643965,32199.520139516564
40,2020,182518.18681318872,0.16771991715988577,46686.634606555104,179163.5494505521,0.22141993624939005,44014.741125821136
41,2020,132669.53846154176,0.07366946629682047,54029.550316674635,129137.15384615678,0.13133484709889842,50480.26941021625
42,2020,182275.59340659808,0.1470316456983909,61872.22601201385,178216.19780220184,0.2051423913157322,57678.62212919071
43,2020,133872.17582417547,0.10636787200283493,45257.15851817746,134310.80219780188,0.16265666913936627,42691.471172994
44,2020,165277.34615384694,0.16722996210567942,52519.49487989023,163399.46153846243,0.2145392035629783,49388.24354011938
45,2020,99641.91208791267,0.21047315433433766,53423.57133960258,98886.02197802253,0.24557726813984004,50509.53256284632
46,2020,111306.9945054939,0.11869512383211145,52735.155164364725,112250.85714285658,0.1615440387933802,50148.54764501471
47,2020,184249.30769230705,0.1954596437430567,71762.66469467338,185727.84615384554,0.2254699950087442,68395.9059898397
48,2020,145957.56593406666,0.13588622550759055,70876.33720424213,144552.94505494554,0.18940845496952363,66771.23805075604
49,2020,153367.56043956243,0.2203866646494248,49566.457119001076,151739.8021978042,0.2569585005989694,47192.038155554794
50,2020,93667.37912087841,0.30228917477208483,52064.958929903805,94739.16483516432,0.33146899545486264,49917.72238339577
52,2020,146341.30219780174,0.24102944237576907,61480.637393084355,146338.78021977984,0.26599266918753983,58663.398120428436
60,2020,123981.13186813239,0.4332619610941437,38442.391779743135,121127.81318681408,0.4346681543210802,36652.10518955439
61,2020,2398.4463869463652,0.23546554456288504,43600.16789840907,2690.4953379953513,0.27315081547274644,41255.81492755003
62,2020,327127.21428572014,0.44819785299662485,32457.670468428638,319840.8791208863,0.4525521236612988,31150.972986477893
63,2020,223143.57142857462,0.2517144459453675,34930.4154485045,219159.31868132204,0.28897425073549243,33760.58880542265
66,2020,297051.82417583093,0.4918203239798551,32004.176757031586,291577.04395605065,0.480267932428184,31037.42723002401
67,2020,270174.5659340713,0.165373504499982,42785.01077766856,262959.56043956615,0.22297273819377494,40822.15158743225
68,2020,261317.40109890513,0.4001109241385379,32926.64640210755,255791.42857143283,0.41336295079087293,31910.35267899977
69,2020,139732.97252747416,0.23533112751374574,45165.507698222995,137866.0549450568,0.2776634638292137,42776.69173813239
70,2020,231169.72527472675,0.43989180216423174,32087.199473766144,226483.01098901406,0.4398227431971766,31094.465155702317
71,2020,146530.3516483521,0.21426531392170034,40319.63322108425,144172.91208791267,0.26559865709131714,38472.69599773269
72,2020,202265.12637363002,0.4141715511521733,32730.20025542262,196376.82417582907,0.4175338671084141,32318.370815812494
73,2020,251551.63736264408,0.3331730095524392,44665.61065017991,241229.49450550228,0.36229370379490433,42174.333960127085
75,2020,263988.9505494544,0.317310233896416,43737.33617825061,261419.79120879527,0.3243871883404772,41681.24485100573
76,2020,97943.4725274751,0.44015705236222225,28279.7621778592,95853.9780219812,0.4423576677129777,28896.689031323884
77,2020,224579.11538461596,0.3607373519526078,37576.37091744179,216251.84615384787,0.3918446074491939,36116.555802295916
78,2020,229241.8626373671,0.44022625407347604,29743.95478979923,221325.0439560488,0.45155800070302377,29906.27258509706
79,2020,203820.36813187413,0.43529195571733226,33289.30355740199,198907.8021978084,0.45839440978127044,31897.350766544696
81,2020,195257.95604395866,0.5209365959509142,34175.747750337236,189059.01098901406,0.5321392149311208,32584.35957731586
83,2020,233829.78571429104,0.5332134492983849,33354.35126891034,227505.35164835677,0.5320308493112942,31895.634970813524
84,2020,146478.73076923285,0.3084713889647688,30873.811730924994,144781.84615384834,0.3222510645065597,31988.15145640867
88,2020,179522.09890110046,0.42115421818401444,28405.68506622796,174151.41758241877,0.4300425212012371,28336.64444017985
90,2020,225628.1043956075,0.5599375321487798,31812.21450824698,218328.32967033237,0.5384505922396272,31341.505741114495
94,2020,116147.55494506098,0.523188735789951,29653.613923431985,110981.42857143469,0.49696522130219023,29771.758402741834
100,2020,17291.593406592496,0.6515877589207353,25868.844268481538,19263.967032966204,0.6472201775291175,25696.96055582509
101,2020,39254.45604395586,0.2897151103310378,35982.67002594913,39208.780219780085,0.3117086410615144,35011.45617680694
102,2020,80281.18681317568,0.4080412836537075,37371.49976469809,93553.7032966949,0.4125143448044586,36249.26706905896
103,2020,35196.4450549297,0.6816241624149004,32494.49354217481,44471.95604394004,0.6856680582692629,31388.682754439767
104,2020,101935.62087912112,0.7166730443790925,29755.927512279362,111044.83516483381,0.6977024466953239,29364.965937570087
105,2020,168880.13736263663,0.4082891066239682,37473.61340952013,178116.41758241504,0.41822378771942326,36486.6379058552
106,2020,46882.26373625919,0.4297263796445385,35538.411913224496,55688.934065930545,0.44194227666181973,34405.85590066807
107,2020,45380.972527466714,0.7655940372097376,27819.773264244897,54389.28571427986,0.7529106840905406,27553.966291525052
108,2020,30278.791208785027,0.6612875955666375,33051.81067807693,37574.41758241132,0.653161201496431,32083.547368782805
109,2020,49709.703296687454,0.7310001821088168,27407.351991721778,63652.59340657666,0.722933019586014,27083.71643949987
110,2020,36330.47802197188,0.8063738577261308,30565.788153294707,44954.35164834559,0.7982743807313764,29686.447029068833
111,2020,64516.04395603575,0.6530317857801364,32372.064236298203,71228.91208790429,0.6270981363275752,31772.346079639392
112,2020,23488.71428571269,0.8321961618587714,27037.989872664144,29959.49450549297,0.8183971588059258,27025.245494254017
114,2020,80143.68131867424,0.4419076174569475,38218.73912247131,90561.79120878503,0.4412367496321722,37443.46854766412
115,2020,26004.406593399122,0.5409008806710425,31550.482020266354,33990.032967025414,0.5499046191855754,30547.83437319449
120,2020,31952.263736255467,0.10093131150325974,31886.26029639505,41089.85714285076,0.10860191208799286,31554.737873707316
121,2020,17745.21978021413,0.2780847922549601,30904.762089284777,27682.406593400985,0.2729630322448706,30743.07147226372
122,2020,25696.142857134342,0.1710689728878272,39083.941897090524,35457.25274724141,0.1656067996147268,37783.36732312292
123,2020,8007.252747250721,0.22263628117370082,33761.32859126688,12487.340659338981,0.21501725851154063,33300.61524477403
1,2021,106636.59340659482,0.36064969554244186,21627.52584080398,105080.37912088074,0.35442168801590235,26017.842962300405
5,2021,101792.10989010998,0.25829879009645396,25616.367545613088,101255.29670329683,0.26672063910717725,28872.152549774386
6,2021,105972.09890110046,0.4820020172828592,25559.59701249376,103613.12087912299,0.46258566437376913,30119.22703341022
7,2021,86760.1428571424,0.10823239017814501,29717.60610047262,86865.97802197761,0.1279513247956956,32395.06681123376
9,2021,124791.12087912136,0.33539556060530273,22525.691055344418,123971.78021978075,0.32950475372506816,26391.052864102647
10,2021,64315.19780219719,0.44486347254007796,35602.73068439029,65843.85714285634,0.4341226974026995,38426.58578563295
13,2021,137875.56043956056,0.4758130095061688,22943.050756445155,135728.96703296807,0.45865858957305505,27176.409406103194
14,2021,73347.49450549576,0.5434822953154423,26078.01015167497,74835.48901098967,0.5246690252234387,30528.456079173833
17,2021,71106.65934065916,0.5311612700105073,22690.26040682383,71891.31868131831,0.5080538142613662,28674.00132454373
18,2021,84069.15384615585,0.4982500136641477,36482.422866789624,87276.50000000093,0.4877996987702389,39373.38684285991
19,2021,164507.41758241598,0.35712146287555635,39912.2624305943,167858.8736263709,0.35563709939596366,43049.427094277926
20,2021,80856.19780219719,0.2571100136913742,42736.32418662356,80616.8186813182,0.2791982047424426,43715.13853716175
22,2021,122127.73626373522,0.2929908769408982,43235.91666999413,124730.54945054837,0.3103936664396514,44558.358837355394
23,2021,110437.26373626338,0.21533391518306644,57312.36990143685,111051.56593406573,0.2500326166175739,55494.173216268886
24,2021,122526.74725274649,0.22535891778986183,55598.02652228903,121732.87912087864,0.260645742037525,54410.80586175434
25,2021,121136.75824175938,0.1519934340796425,66734.68944418337,120088.4780219791,0.19831781615427246,63531.03487791773
26,2021,86959.9450549453,0.23591297204791317,55426.52589629125,87033.6208791211,0.2704710180882728,53067.5002629403
28,2021,114578.49450549559,0.1834430453982634,58711.09027228877,114448.14285714377,0.22590319001747616,56219.00962338224
30,2021,65974.80219780188,0.2868585328091484,53145.03536393121,65343.642857142724,0.3106838186544394,50955.782243072055
32,2021,102967.0549450554,0.2117314196977702,61300.93546700943,101235.99450549483,0.24393407959750846,58366.6481837919
33,2021,98466.9340659331,0.28211503408685196,47632.57534584822,97441.40659340611,0.28211939125108654,45734.61967623839
34,2021,98409.5274725256,0.2882960617701986,33934.147349016974,99215.43956043781,0.28128409833832,33066.83374426677
40,2021,185872.82417582627,0.11401989807038149,49358.528087290004,182518.18681318872,0.16771991715988577,46686.634606555104
41,2021,136201.9230769258,0.016004085494756737,57578.83122313302,132669.53846154176,0.07366946629682047,54029.550316674635
42,2021,186334.9890109934,0.08892090008106379,66065.82989483513,182275.59340659808,0.1470316456983909,61872.22601201385
43,2021,133433.54945054918,0.050079074866303586,47822.84586335998,133872.17582417547,0.10636787200283493,45257.15851817746
44,2021,167155.23076923145,0.11992072064838055,55650.746219660155,165277.34615384694,0.16722996210567942,52519.49487989023
45,2021,100397.80219780281,0.17536904052883528,56337.61011635885,99641.91208791267,0.21047315433433766,53423.57133960258
46,2021,110363.13186813146,0.07584620887082849,55321.76268371381,111306.9945054939,0.11869512383211145,52735.155164364725
47,2021,182770.76923076902,0.16544929247736917,75129.42339950614,184249.30769230705,0.1954596437430567,71762.66469467338
48,2021,147362.18681318779,0.08236399604565747,74981.4363577282,145957.56593406666,0.13588622550759055,70876.33720424213
49,2021,154995.31868132064,0.1838148286998802,51940.876082446426,153367.56043956243,0.2203866646494248,49566.457119001076
50,2021,92595.59340659296,0.27310935408930703,54212.19547641184,93667.37912087841,0.30228917477208483,52064.958929903805
52,2021,146343.82417582363,0.2160662155639983,64297.876665741205,146341.30219780174,0.24102944237576907,61480.637393084355
60,2021,126834.4505494507,0.4318557678672077,40232.67836993188,123981.13186813239,0.4332619610941437,38442.391779743135
61,2021,2106.397435897379,0.19778027365303785,45944.520869268104,2398.4463869463652,0.23546554456288504,43600.16789840907
62,2021,334413.5494505558,0.44384358233195087,33764.36795037938,327127.21428572014,0.44819785299662485,32457.670468428638
63,2021,227127.82417582814,0.2144546411552426,36100.24209158635,223143.57142857462,0.2517144459453675,34930.4154485045
66,2021,302526.6043956112,0.5033727155315297,32970.92628403916,297051.82417583093,0.4918203239798551,32004.176757031586
67,2021,277389.5714285746,0.10777427080618907,44747.86996790487,270174.5659340713,0.165373504499982,42785.01077766856
68,2021,266843.3736263793,0.3868588974862064,33942.940125215566,261317.40109890513,0.4001109241385379,32926.64640210755
69,2021,141599.890109892,0.19299879119827779,47554.32365831453,139732.97252747416,0.23533112751374574,45165.507698222995
70,2021,235856.4395604413,0.43996086113128696,33079.933791830204,231169.72527472675,0.43989180216423174,32087.199473766144
71,2021,148887.79120879062,0.16293197075209775,42166.57044443581,146530.3516483521,0.21426531392170034,40319.63322108425
72,2021,208153.42857143283,0.4108092351959316,33142.02969503275,202265.12637363002,0.4141715511521733,32730.20025542262
73,2021,261873.78021978587,0.3040523153099812,47156.88734023366,251551.63736264408,0.3331730095524392,44665.61065017991
75,2021,266558.1098901136,0.3102332794523548,45793.42750549596,263988.9505494544,0.317310233896416,43737.33617825061
76,2021,100032.96703296993,0.4379564370114668,27662.835324394517,97943.4725274751,0.44015705236222225,28279.7621778592
77,2021,232906.38461538777,0.3296300964560146,39036.18603258813,224579.11538461596,0.3607373519526078,37576.37091744179
78,2021,237158.6813186854,0.4288945074439283,29581.6369945014,229241.8626373671,0.44022625407347604,29743.95478979923
79,2021,208732.93406593986,0.4121895016533941,34681.25634825928,203820.36813187413,0.43529195571733226,33289.30355740199
81,2021,201456.90109890327,0.5097339769707077,35767.135923358146,195257.95604395866,0.5209365959509142,34175.747750337236
83,2021,240154.21978022344,0.5343960492854756,34813.06756700715,233829.78571429104,0.5332134492983849,33354.35126891034
84,2021,148175.61538461735,0.29469171342297784,29759.47200544132,146478.73076923285,0.3084713889647688,30873.811730924994
88,2021,184892.78021978028,0.4122659151667918,28474.72569227607,179522.09890110046,0.42115421818401444,28405.68506622796
90,2021,232927.87912088074,0.5814244720579254,32282.923275379464,225628.1043956075,0.5599375321487798,31812.21450824698
94,2021,121313.68131868728,0.5494122502777046,29535.469444122136,116147.55494506098,0.523188735789951,29653.613923431985
100,2021,15319.219780219253,0.655955340312353,26040.727981137927,17291.593406592496,0.6515877589207353,25868.844268481538
101,2021,39300.13186813164,0.2677215796005683,36953.88387509156,39254.45604395586,0.2897151103310378,35982.67002594913
102,2021,67008.67032966018,0.4035682225029582,38493.732460337225,80281.18681317568,0.4080412836537075,37371.49976469809
103,2021,25920.93406591937,0.6775802665605379,33600.30432990985,35196.4450549297,0.6816241624149004,32494.49354217481
104,2021,92826.40659340471,0.735643642062854,30146.88908698852,101935.62087912112,0.7166730443790925,29755.927512279362
105,2021,159643.85714285448,0.39835442552850964,38460.58891318529,168880.13736263663,0.4082891066239682,37473.61340952013
106,2021,38075.593406591564,0.4175104826272573,36670.96792578092,46882.26373625919,0.4297263796445385,35538.411913224496
107,2021,36372.659340657294,0.7782773903289346,28085.580236964743,45380.972527466714,0.7655940372097376,27819.773264244897
108,2021,22983.164835158736,0.6694139896368476,34020.07398737082,30278.791208785027,0.6612875955666375,33051.81067807693
109,2021,35766.813186798245,0.7390673446316232,27730.987543943687,49709.703296687454,0.7310001821088168,27407.351991721778
110,2021,27706.604395598173,0.8144733347208817,31445.129277520813,36330.47802197188,0.8063738577261308,30565.788153294707
111,2021,57803.17582416907,0.6789654352327048,32971.78239295678,64516.04395603575,0.6530317857801364,32372.064236298203
112,2021,17017.934065932408,0.8459951649116171,27050.734251074275,23488.71428571269,0.8321961618587714,27037.989872664144
114,2021,69725.57142856345,0.44257848528172283,38994.00969727826,80143.68131867424,0.4419076174569475,38218.73912247131
115,2021,18018.78021977283,0.5318971421565095,32553.129667338217,26004.406593399122,0.5409008806710425,31550.482020266354
120,2021,22814.670329663903,0.09326071091852661,32217.78271908278,31952.263736255467,0.10093131150325974,31886.26029639505
121,2021,7808.032967031002,0.28320655226504776,31066.452706305834,17745.21978021413,0.2780847922549601,30904.762089284777
122,2021,15935.032967023551,0.17653114616092935,40384.51647105813,25696.142857134342,0.1710689728878272,39083.941897090524
123,2021,3527.164835162461,0.230255303835861,34222.04193775973,8007.252747250721,0.22263628117370082,33761.32859126688
1,2022,108192.80769230938,0.3668777030689814,17237.208719305694,106636.59340659482,0.36064969554244186,21627.52584080398
5,2022,102328.92307692312,0.2498769410857271,22360.582541450858,101792.10989010998,0.25829879009645396,25616.367545613088
6,2022,108331.07692307793,0.5014183701919421,20999.966991577297,105972.09890110046,0.4820020172828592,25559.59701249376
7,2022,86654.30769230716,0.08851345556060153,27040.145389711484,86760.1428571424,0.10823239017814501,29717.60610047262
9,2022,125610.46153846197,0.3412863674855391,18660.32924658619,124791.12087912136,0.33539556060530273,22525.691055344418
10,2022,62786.53846153803,0.45560424767746,32778.8755831467,64315.19780219719,0.44486347254007796,35602.73068439029
13,2022,140022.153846154,0.4929674294392896,18709.692106787115,137875.56043956056,0.4758130095061688,22943.050756445155
14,2022,71859.50000000186,0.562295565407446,21627.56422417611,73347.49450549576,0.5434822953154423,26078.01015167497
17,2022,70321.99999999977,0.5542687257596413,16706.51948910393,71106.65934065916,0.5311612700105073,22690.26040682383
18,2022,80861.80769230984,0.5087003285580565,33591.45889072027,84069.15384615585,0.4982500136641477,36482.422866789624
19,2022,161155.9615384601,0.3586058263551486,36775.09776691068,164507.41758241598,0.35712146287555635,39912.2624305943
20,2022,81095.57692307618,0.2350218226402987,41757.50983608514,80856.19780219719,0.2571100136913742,42736.32418662356
22,2022,119524.923076923,0.27558808744215213,41913.474502632394,122127.73626373522,0.2929908769408982,43235.91666999413
23,2022,109822.96153846127,0.18063521374855895,59130.56658660434,110437.26373626338,0.21533391518306644,57312.36990143685
24,2022,123320.61538461456,0.19007209354221288,56785.24718282418,122526.74725274649,0.22535891778986183,55598.02652228903
25,2022,122185.03846153966,0.10566905200499832,69938.34401044995,121136.75824175938,0.1519934340796425,66734.68944418337
26,2022,86886.26923076954,0.20135492600755356,57785.55152964126,86959.9450549453,0.23591297204791317,55426.52589629125
28,2022,114708.84615384741,0.14098290077905062,61203.17092119623,114578.49450549559,0.1834430453982634,58711.09027228877
30,2022,66605.96153846104,0.26303324696385744,55334.28848479036,65974.80219780188,0.2868585328091484,53145.03536393121
32,2022,104698.11538461549,0.17952875979803196,64235.22275022697,102967.0549450554,0.2117314196977702,61300.93546700943
33,2022,99492.46153846034,0.2821106769226174,49530.53101545805,98466.9340659331,0.28211503408685196,47632.57534584822
34,2022,97603.6153846134,0.295308025202079,34801.46095376741,98409.5274725256,0.2882960617701986,33934.147349016974
40,2022,189227.4615384629,0.060319878980877206,52030.4215680249,185872.82417582627,0.11401989807038149,49358.528087290004
41,2022,139734.30769231077,-0.04166129530732121,61128.112129590474,136201.9230769258,0.016004085494756737,57578.83122313302
42,2022,190394.38461538963,0.030810154463736694,70259.4337776564,186334.9890109934,0.08892090008106379,66065.82989483513
43,2022,132994.92307692277,-0.0062097222702419685,50388.5332085425,133433.54945054918,0.050079074866303586,47822.84586335998
44,2022,169033.11538461596,0.07261147919106747,58781.99755943101,167155.23076923145,0.11992072064838055,55650.746219660155
45,2022,101153.69230769295,0.14026492672334712,59251.64889311418,100397.80219780281,0.17536904052883528,56337.61011635885
46,2022,109419.26923076878,0.03299729390954553,57908.37020306382,110363.13186813146,0.07584620887082849,55321.76268371381
47,2022,181292.23076923052,0.13543894121167455,78496.18210433889,182770.76923076902,0.16544929247736917,75129.42339950614
48,2022,148766.80769230844,0.028841766583710182,79086.53551121429,147362.18681318779,0.08236399604565747,74981.4363577282
49,2022,156623.07692307932,0.1472429927503356,54315.29504589178,154995.31868132064,0.1838148286998802,51940.876082446426
50,2022,91523.80769230705,0.24392953340652213,56359.43202291988,92595.59340659296,0.27310935408930703,54212.19547641184
52,2022,146346.34615384552,0.19110298875223464,67115.11593839712,146343.82417582363,0.2160662155639983,64297.876665741205
60,2022,129687.76923076902,0.4304495746402712,42022.96496012062,126834.4505494507,0.4318557678672077,40232.67836993188
61,2022,1814.3484848485095,0.16009500274319066,48288.87384012714,2106.397435897379,0.19778027365303785,45944.520869268104
62,2022,341699.8846153915,0.43948931166727867,35071.06543233013,334413.5494505558,0.44384358233195087,33764.36795037938
63,2022,231112.07692308072,0.17719483636511768,37270.068734668195,227127.82417582814,0.2144546411552426,36100.24209158635
66,2022,308001.3846153915,0.5149251070832044,33937.675811046734,302526.6043956112,0.5033727155315297,32970.92628403916
67,2022,284604.5769230798,0.050175037112396126,46710.72915814165,277389.5714285746,0.10777427080618907,44747.86996790487
68,2022,272369.3461538516,0.37360687083387134,34959.23384832335,266843.3736263793,0.3868588974862064,33942.940125215566
69,2022,143466.80769230984,0.15066645488282404,49943.13961840514,141599.890109892,0.19299879119827779,47554.32365831453
70,2022,240543.15384615585,0.4400299200983421,34072.668109894264,235856.4395604413,0.43996086113128696,33079.933791830204
71,2022,151245.23076923005,0.11159862758248096,44013.50766778737,148887.79120879062,0.16293197075209775,42166.57044443581
72,2022,214041.73076923378,0.4074469192396908,33553.85913464276,208153.42857143283,0.4108092351959316,33142.02969503275
73,2022,272195.92307692766,0.2749316210675161,49648.16403028648,261873.78021978587,0.3040523153099812,47156.88734023366
75,2022,269127.2692307737,0.3031563250082936,47849.51883274084,266558.1098901136,0.3102332794523548,45793.42750549596
76,2022,102122.46153846383,0.4357558216607105,27045.908470929833,100032.96703296993,0.4379564370114668,27662.835324394517
77,2022,241233.65384615585,0.2985228409594285,40496.001147734,232906.38461538777,0.3296300964560146,39036.18603258813
78,2022,245075.50000000373,0.4175627608143806,29419.31919920357,237158.6813186854,0.4288945074439283,29581.6369945014
79,2022,213645.5000000056,0.3890870475894488,36073.209139116574,208732.93406593986,0.4121895016533941,34681.25634825928
81,2022,207655.84615384787,0.4985313579905011,37358.52409637952,201456.90109890327,0.5097339769707077,35767.135923358146
83,2022,246478.65384615771,0.5355786492725663,36271.783865103964,240154.21978022344,0.5343960492854756,34813.06756700715
84,2022,149872.50000000186,0.2809120378811869,28645.132279957645,148175.61538461735,0.29469171342297784,29759.47200544132
88,2022,190263.46153846197,0.40337761214956913,28543.766318324153,184892.78021978028,0.4122659151667918,28474.72569227607
90,2022,240227.65384615585,0.6029114119670709,32753.63204251195,232927.87912088074,0.5814244720579254,32282.923275379464
94,2022,126479.80769231357,0.5756357647654653,29417.324964812287,121313.68131868728,0.5494122502777046,29535.469444122136
100,2022,13346.846153845545,0.660322921703969,26212.611693794315,15319.219780219253,0.655955340312353,26040.727981137927
101,2022,39345.80769230742,0.2457280488700917,37925.097724233754,39300.13186813164,0.2677215796005683,36953.88387509156
102,2022,53736.153846144676,0.39909516135220713,39615.96515597636,67008.67032966018,0.4035682225029582,38493.732460337225
103,2022,16645.423076909035,0.6735363707061754,34706.115117644425,25920.93406591937,0.6775802665605379,33600.30432990985
104,2022,83717.19230769202,0.7546142397466156,30537.850661697797,92826.40659340471,0.735643642062854,30146.88908698852
105,2022,150407.57692307606,0.38841974443305105,39447.56441685045,159643.85714285448,0.39835442552850964,38460.58891318529
106,2022,29268.92307692021,0.40529458560997256,37803.52393833734,38075.593406591564,0.4175104826272573,36670.96792578092
107,2022,27364.346153844148,0.7909607434481352,28351.387209684588,36372.659340657294,0.7782773903289346,28085.580236964743
108,2022,15687.538461532444,0.6775403837070577,34988.33729666495,22983.164835158736,0.6694139896368476,34020.07398737082
109,2022,21823.923076909035,0.747134507154426,28054.623096165597,35766.813186798245,0.7390673446316232,27730.987543943687
110,2022,19082.730769224465,0.8225728117156361,32324.470401746687,27706.604395598173,0.8144733347208817,31445.129277520813
111,2022,51090.30769230053,0.7048990846852661,33571.50054961536,57803.17582416907,0.6789654352327048,32971.78239295678
112,2022,10547.153846152127,0.8597941679644663,27063.4786294844,17017.934065932408,0.8459951649116171,27050.734251074275
114,2022,59307.46153845638,0.44324935310649816,39769.28027208522,69725.57142856345,0.44257848528172283,38994.00969727826
115,2022,10033.153846146539,0.5228934036419766,33555.77731441008,18018.78021977283,0.5318971421565095,32553.129667338217
120,2022,13677.076923072338,0.08559011033379171,32549.305141770514,22814.670329663903,0.09326071091852661,32217.78271908278
121,2022,-2129.153846155852,0.2883283122751372,31228.14332332695,7808.032967031002,0.28320655226504776,31066.452706305834
122,2022,6173.923076916486,0.18199331943403152,41685.0910450262,15935.032967023551,0.17653114616092935,40384.51647105813
123,2022,-952.9230769257993,0.23787432649801943,34682.75528425258,3527.164835162461,0.230255303835861,34222.04193775973
1,2023,109749.02197802346,0.3731057105955209,12846.891597807407,108192.80769230938,0.3668777030689814,17237.208719305694
5,2023,102865.73626373627,0.24145509207500382,19104.79753728863,102328.92307692312,0.2498769410857271,22360.582541450858
6,2023,110690.05494505633,0.5208347231010322,16440.336970660836,108331.07692307793,0.5014183701919421,20999.966991577297
7,2023,86548.47252747195,0.06879452094305805,24362.684678950347,86654.30769230716,0.08851345556060153,27040.145389711484
9,2023,126429.80219780258,0.34717717436577367,14794.967437828891,125610.46153846197,0.3412863674855391,18660.32924658619
10,2023,61257.879120878875,0.4663450228148385,29955.020481903106,62786.53846153803,0.45560424767746,32778.8755831467
13,2023,142168.74725274742,0.5101218493724033,14476.333457129076,140022.153846154,0.4929674294392896,18709.692106787115
14,2023,70371.5054945075,0.5811088354994425,17177.118296677247,71859.50000000186,0.562295565407446,21627.56422417611
17,2023,69537.34065934061,0.5773761815087752,10722.77857138589,70321.99999999977,0.5542687257596413,16706.51948910393
18,2023,77654.46153846476,0.5191506434519617,30700.494914649986,80861.80769230984,0.5087003285580565,33591.45889072027
19,2023,157804.50549450424,0.3600901898347413,33637.933103226125,161155.9615384601,0.3586058263551486,36775.09776691068
20,2023,81334.95604395517,0.2129336315892303,40778.69548554672,81095.57692307618,0.2350218226402987,41757.50983608514
22,2023,116922.10989010986,0.25818529794339895,40591.03233527113,119524.923076923,0.27558808744215213,41913.474502632394
23,2023,109208.65934065916,0.14593651231406568,60948.76327177184,109822.96153846127,0.18063521374855895,59130.56658660434
24,2023,124114.4835164824,0.15478526929454972,57972.46784335887,123320.61538461456,0.19007209354221288,56785.24718282418
25,2023,123233.31868131994,0.059344669930368354,73141.99857671559,122185.03846153966,0.10566905200499832,69938.34401044995
26,2023,86812.59340659378,0.16679687996719395,60144.57716299221,86886.26923076954,0.20135492600755356,57785.55152964126
28,2023,114839.19780219917,0.09852275615982364,63695.25157010276,114708.84615384741,0.14098290077905062,61203.17092119623
30,2023,67237.1208791202,0.23920796111856646,57523.541605649516,66605.96153846104,0.26303324696385744,55334.28848479036
32,2023,106429.17582417605,0.1473260998982795,67169.5100334445,104698.11538461549,0.17952875979803196,64235.22275022697
33,2023,100517.98901098757,0.28210631975838274,51428.486685067415,99492.46153846034,0.2821106769226174,49530.53101545805
34,2023,96797.70329670119,0.30231998863395937,35668.774558517616,97603.6153846134,0.295308025202079,34801.46095376741
40,2023,192582.09890110046,0.006619859891372926,54702.31504875887,189227.4615384629,0.060319878980877206,52030.4215680249
41,2023,143266.69230769482,-0.09932667610939916,64677.39303604886,139734.30769231077,-0.04166129530732121,61128.112129590474
42,2023,194453.78021978494,-0.027300591153604614,74453.03766047955,190394.38461538963,0.030810154463736694,70259.4337776564
43,2023,132556.29670329648,-0.06249851940677331,52954.22055372503,132994.92307692277,-0.0062097222702419685,50388.5332085425
44,2023,170911.00000000047,0.025302237733768607,61913.24889920093,169033.11538461596,0.07261147919106747,58781.99755943101
45,2023,101909.5824175831,0.10516081291784474,62165.687669870444,101153.69230769295,0.14026492672334712,59251.64889311418
46,2023,108475.40659340634,-0.009851621051737425,60494.97772241384,109419.26923076878,0.03299729390954553,57908.37020306382
47,2023,179813.6923076925,0.10542858994598703,81862.94080917165,181292.23076923052,0.13543894121167455,78496.18210433889
48,2023,150171.42857142957,-0.024680462878222897,83191.63466470037,148766.80769230844,0.028841766583710182,79086.53551121429
49,2023,158250.83516483754,0.11067115680079098,56689.71400933713,156623.07692307932,0.1472429927503356,54315.29504589178
50,2023,90452.0219780216,0.21474971272374432,58506.668569427915,91523.80769230705,0.24392953340652213,56359.43202291988
52,2023,146348.8681318674,0.16613976194046387,69932.35521105304,146346.34615384552,0.19110298875223464,67115.11593839712
60,2023,132541.08791208826,0.4290433814133352,43813.25155030936,129687.76923076902,0.4304495746402712,42022.96496012062
61,2023,1522.2995337995235,0.12240973183334347,50633.226810986176,1814.3484848485095,0.16009500274319066,48288.87384012714
62,2023,348986.2197802253,0.4351350410026047,36377.76291428087,341699.8846153915,0.43948931166727867,35071.06543233013
63,2023,235096.3296703333,0.13993503157499276,38439.89537775004,231112.07692308072,0.17719483636511768,37270.068734668195
66,2023,313476.1648351699,0.526477498634879,34904.42533805454,308001.3846153915,0.5149251070832044,33937.675811046734
67,2023,291819.58241758496,-0.007424196581396814,48673.58834837796,284604.5769230798,0.050175037112396126,46710.72915814165
68,2023,277895.3186813239,0.3603548441815363,35975.52757143113,272369.3461538516,0.37360687083387134,34959.23384832335
69,2023,145333.7252747272,0.10833411856735609,52331.95557849575,143466.80769230984,0.15066645488282404,49943.13961840514
70,2023,245229.8681318704,0.4400989790653973,35065.402427958325,240543.15384615585,0.4400299200983421,34072.668109894264
71,2023,153602.6703296695,0.06026528441287837,45860.44489113893,151245.23076923005,0.11159862758248096,44013.50766778737
72,2023,219930.0329670366,0.4040846032834491,33965.68857425288,214041.73076923378,0.4074469192396908,33553.85913464276
73,2023,282518.06593406945,0.245810926825051,52139.440720339306,272195.92307692766,0.2749316210675161,49648.16403028648
75,2023,271696.4285714328,0.2960793705642324,49905.61015998572,269127.2692307737,0.3031563250082936,47849.51883274084
76,2023,104211.95604395866,0.43355520630995503,26428.981617464917,102122.46153846383,0.4357558216607105,27045.908470929833
77,2023,249560.92307692394,0.2674155854628424,41955.816262879875,241233.65384615585,0.2985228409594285,40496.001147734
78,2023,252992.31868132204,0.4062310141848329,29257.001403905742,245075.50000000373,0.4175627608143806,29419.31919920357
79,2023,218558.06593407132,0.3659845935255106,37465.16192997387,213645.5000000056,0.3890870475894488,36073.209139116574
81,2023,213854.79120879248,0.4873287390102945,38949.91226940043,207655.84615384787,0.4985313579905011,37358.52409637952
83,2023,252803.08791209199,0.536761249259657,37730.50016320031,246478.65384615771,0.5355786492725663,36271.783865103964
84,2023,151569.38461538637,0.26713236233939597,27530.792554473504,149872.50000000186,0.2809120378811869,28645.132279957645
88,2023,195634.14285714366,0.39448930913235003,28612.806944372263,190263.46153846197,0.40337761214956913,28543.766318324153
90,2023,247527.42857143097,0.6243983518762235,33224.34080964443,240227.65384615585,0.6029114119670709,32753.63204251195
94,2023,131645.93406593986,0.601859279253226,29299.18048550244,126479.80769231357,0.5756357647654653,29417.324964812287
100,2023,11374.472527472302,0.6646905030955867,26384.495406450762,13346.846153845545,0.660322921703969,26212.611693794315
101,2023,39391.4835164832,0.2237345181396222,38896.31157337595,39345.80769230742,0.2457280488700917,37925.097724233754
102,2023,40463.637362629175,0.3946221002014578,40738.19785161503,53736.153846144676,0.39909516135220713,39615.96515597636
103,2023,7369.912087898701,0.669492474851813,35811.92590537947,16645.423076909035,0.6735363707061754,34706.115117644425
104,2023,74607.97802197933,0.7735848374303842,30928.812236407073,83717.19230769202,0.7546142397466156,30537.850661697797
105,2023,141171.29670329764,0.378485063337596,40434.53992051561,150407.57692307606,0.38841974443305105,39447.56441685045
106,2023,20462.252747252584,0.39307868859269135,38936.07995089376,29268.92307692021,0.40529458560997256,37803.52393833734
107,2023,18356.032967031002,0.8036440965673322,28617.194182404433,27364.346153844148,0.7909607434481352,28351.387209684588
108,2023,8391.912087906152,0.6856667777772678,35956.60060595907,15687.538461532444,0.6775403837070577,34988.33729666495
109,2023,7881.032967019826,0.7552016696772288,28378.258648387506,21823.923076909035,0.747134507154426,28054.623096165597
110,2023,10458.857142850757,0.8306722887103906,33203.81152597279,19082.730769224465,0.8225728117156361,32324.470401746687
111,2023,44377.43956043385,0.7308327341378273,34171.21870627417,51090.30769230053,0.7048990846852661,33571.50054961536
112,2023,4076.3736263737082,0.8735931710173119,27076.22300789453,10547.153846152127,0.8597941679644663,27063.4786294844
114,2023,48889.35164834559,0.4439202209312735,40544.550846892176,59307.46153845638,0.44324935310649816,39769.28027208522
115,2023,2047.527472520247,0.5138896651274436,34558.424961482175,10033.153846146539,0.5228934036419766,33555.77731441008
120,2023,4539.483516477048,0.07791950974905859,32880.82756445836,13677.076923072338,0.08559011033379171,32549.305141770514
121,2023,-12066.340659342706,0.2934500722852249,31389.833940348006,-2129.153846155852,0.2883283122751372,31228.14332332695
122,2023,-3587.1868131943047,0.1874554927071319,42985.66561899381,6173.923076916486,0.18199331943403152,41685.0910450262
123,2023,-5433.010989012197,0.24549334916017962,35143.468630745425,-952.9230769257993,0.23787432649801943,34682.75528425258
